local_time;solar;constant
01.01.2019 01:00;0;1
01.01.2019 02:00;0;1
01.01.2019 03:00;0;1
01.01.2019 04:00;0;1
01.01.2019 05:00;0;1
01.01.2019 06:00;0;1
01.01.2019 07:00;0;1
01.01.2019 08:00;0;1
01.01.2019 09:00;0;1
01.01.2019 10:00;0.022;1
01.01.2019 11:00;0.062;1
01.01.2019 12:00;0.062;1
01.01.2019 13:00;0.031;1
01.01.2019 14:00;0;1
01.01.2019 15:00;0;1
01.01.2019 16:00;0;1
01.01.2019 17:00;0;1
01.01.2019 18:00;0;1
01.01.2019 19:00;0;1
01.01.2019 20:00;0;1
01.01.2019 21:00;0;1
01.01.2019 22:00;0;1
01.01.2019 23:00;0;1
02.01.2019 00:00;0;1
02.01.2019 01:00;0;1
02.01.2019 02:00;0;1
02.01.2019 03:00;0;1
02.01.2019 04:00;0;1
02.01.2019 05:00;0;1
02.01.2019 06:00;0;1
02.01.2019 07:00;0;1
02.01.2019 08:00;0;1
02.01.2019 09:00;0;1
02.01.2019 10:00;0.077;1
02.01.2019 11:00;0.153;1
02.01.2019 12:00;0.145;1
02.01.2019 13:00;0.1;1
02.01.2019 14:00;0.024;1
02.01.2019 15:00;0;1
02.01.2019 16:00;0;1
02.01.2019 17:00;0;1
02.01.2019 18:00;0;1
02.01.2019 19:00;0;1
02.01.2019 20:00;0;1
02.01.2019 21:00;0;1
02.01.2019 22:00;0;1
02.01.2019 23:00;0;1
03.01.2019 00:00;0;1
03.01.2019 01:00;0;1
03.01.2019 02:00;0;1
03.01.2019 03:00;0;1
03.01.2019 04:00;0;1
03.01.2019 05:00;0;1
03.01.2019 06:00;0;1
03.01.2019 07:00;0;1
03.01.2019 08:00;0;1
03.01.2019 09:00;0;1
03.01.2019 10:00;0.005;1
03.01.2019 11:00;0.032;1
03.01.2019 12:00;0.084;1
03.01.2019 13:00;0.069;1
03.01.2019 14:00;0.007;1
03.01.2019 15:00;0;1
03.01.2019 16:00;0;1
03.01.2019 17:00;0;1
03.01.2019 18:00;0;1
03.01.2019 19:00;0;1
03.01.2019 20:00;0;1
03.01.2019 21:00;0;1
03.01.2019 22:00;0;1
03.01.2019 23:00;0;1
04.01.2019 00:00;0;1
04.01.2019 01:00;0;1
04.01.2019 02:00;0;1
04.01.2019 03:00;0;1
04.01.2019 04:00;0;1
04.01.2019 05:00;0;1
04.01.2019 06:00;0;1
04.01.2019 07:00;0;1
04.01.2019 08:00;0;1
04.01.2019 09:00;0;1
04.01.2019 10:00;0.087;1
04.01.2019 11:00;0.154;1
04.01.2019 12:00;0.119;1
04.01.2019 13:00;0.041;1
04.01.2019 14:00;0;1
04.01.2019 15:00;0;1
04.01.2019 16:00;0;1
04.01.2019 17:00;0;1
04.01.2019 18:00;0;1
04.01.2019 19:00;0;1
04.01.2019 20:00;0;1
04.01.2019 21:00;0;1
04.01.2019 22:00;0;1
04.01.2019 23:00;0;1
05.01.2019 00:00;0;1
05.01.2019 01:00;0;1
05.01.2019 02:00;0;1
05.01.2019 03:00;0;1
05.01.2019 04:00;0;1
05.01.2019 05:00;0;1
05.01.2019 06:00;0;1
05.01.2019 07:00;0;1
05.01.2019 08:00;0;1
05.01.2019 09:00;0;1
05.01.2019 10:00;0.087;1
05.01.2019 11:00;0.214;1
05.01.2019 12:00;0.231;1
05.01.2019 13:00;0.161;1
05.01.2019 14:00;0.034;1
05.01.2019 15:00;0;1
05.01.2019 16:00;0;1
05.01.2019 17:00;0;1
05.01.2019 18:00;0;1
05.01.2019 19:00;0;1
05.01.2019 20:00;0;1
05.01.2019 21:00;0;1
05.01.2019 22:00;0;1
05.01.2019 23:00;0;1
06.01.2019 00:00;0;1
06.01.2019 01:00;0;1
06.01.2019 02:00;0;1
06.01.2019 03:00;0;1
06.01.2019 04:00;0;1
06.01.2019 05:00;0;1
06.01.2019 06:00;0;1
06.01.2019 07:00;0;1
06.01.2019 08:00;0;1
06.01.2019 09:00;0;1
06.01.2019 10:00;0.026;1
06.01.2019 11:00;0.073;1
06.01.2019 12:00;0.1;1
06.01.2019 13:00;0.079;1
06.01.2019 14:00;0.015;1
06.01.2019 15:00;0;1
06.01.2019 16:00;0;1
06.01.2019 17:00;0;1
06.01.2019 18:00;0;1
06.01.2019 19:00;0;1
06.01.2019 20:00;0;1
06.01.2019 21:00;0;1
06.01.2019 22:00;0;1
06.01.2019 23:00;0;1
07.01.2019 00:00;0;1
07.01.2019 01:00;0;1
07.01.2019 02:00;0;1
07.01.2019 03:00;0;1
07.01.2019 04:00;0;1
07.01.2019 05:00;0;1
07.01.2019 06:00;0;1
07.01.2019 07:00;0;1
07.01.2019 08:00;0;1
07.01.2019 09:00;0;1
07.01.2019 10:00;0;1
07.01.2019 11:00;0.003;1
07.01.2019 12:00;0.009;1
07.01.2019 13:00;0.001;1
07.01.2019 14:00;0;1
07.01.2019 15:00;0;1
07.01.2019 16:00;0;1
07.01.2019 17:00;0;1
07.01.2019 18:00;0;1
07.01.2019 19:00;0;1
07.01.2019 20:00;0;1
07.01.2019 21:00;0;1
07.01.2019 22:00;0;1
07.01.2019 23:00;0;1
08.01.2019 00:00;0;1
08.01.2019 01:00;0;1
08.01.2019 02:00;0;1
08.01.2019 03:00;0;1
08.01.2019 04:00;0;1
08.01.2019 05:00;0;1
08.01.2019 06:00;0;1
08.01.2019 07:00;0;1
08.01.2019 08:00;0;1
08.01.2019 09:00;0;1
08.01.2019 10:00;0.004;1
08.01.2019 11:00;0.013;1
08.01.2019 12:00;0.015;1
08.01.2019 13:00;0.007;1
08.01.2019 14:00;0;1
08.01.2019 15:00;0;1
08.01.2019 16:00;0;1
08.01.2019 17:00;0;1
08.01.2019 18:00;0;1
08.01.2019 19:00;0;1
08.01.2019 20:00;0;1
08.01.2019 21:00;0;1
08.01.2019 22:00;0;1
08.01.2019 23:00;0;1
09.01.2019 00:00;0;1
09.01.2019 01:00;0;1
09.01.2019 02:00;0;1
09.01.2019 03:00;0;1
09.01.2019 04:00;0;1
09.01.2019 05:00;0;1
09.01.2019 06:00;0;1
09.01.2019 07:00;0;1
09.01.2019 08:00;0;1
09.01.2019 09:00;0;1
09.01.2019 10:00;0.089;1
09.01.2019 11:00;0.125;1
09.01.2019 12:00;0.123;1
09.01.2019 13:00;0.086;1
09.01.2019 14:00;0.016;1
09.01.2019 15:00;0;1
09.01.2019 16:00;0;1
09.01.2019 17:00;0;1
09.01.2019 18:00;0;1
09.01.2019 19:00;0;1
09.01.2019 20:00;0;1
09.01.2019 21:00;0;1
09.01.2019 22:00;0;1
09.01.2019 23:00;0;1
10.01.2019 00:00;0;1
10.01.2019 01:00;0;1
10.01.2019 02:00;0;1
10.01.2019 03:00;0;1
10.01.2019 04:00;0;1
10.01.2019 05:00;0;1
10.01.2019 06:00;0;1
10.01.2019 07:00;0;1
10.01.2019 08:00;0;1
10.01.2019 09:00;0;1
10.01.2019 10:00;0.021;1
10.01.2019 11:00;0.077;1
10.01.2019 12:00;0.121;1
10.01.2019 13:00;0.08;1
10.01.2019 14:00;0.014;1
10.01.2019 15:00;0;1
10.01.2019 16:00;0;1
10.01.2019 17:00;0;1
10.01.2019 18:00;0;1
10.01.2019 19:00;0;1
10.01.2019 20:00;0;1
10.01.2019 21:00;0;1
10.01.2019 22:00;0;1
10.01.2019 23:00;0;1
11.01.2019 00:00;0;1
11.01.2019 01:00;0;1
11.01.2019 02:00;0;1
11.01.2019 03:00;0;1
11.01.2019 04:00;0;1
11.01.2019 05:00;0;1
11.01.2019 06:00;0;1
11.01.2019 07:00;0;1
11.01.2019 08:00;0;1
11.01.2019 09:00;0.011;1
11.01.2019 10:00;0.152;1
11.01.2019 11:00;0.25;1
11.01.2019 12:00;0.255;1
11.01.2019 13:00;0.188;1
11.01.2019 14:00;0.047;1
11.01.2019 15:00;0;1
11.01.2019 16:00;0;1
11.01.2019 17:00;0;1
11.01.2019 18:00;0;1
11.01.2019 19:00;0;1
11.01.2019 20:00;0;1
11.01.2019 21:00;0;1
11.01.2019 22:00;0;1
11.01.2019 23:00;0;1
12.01.2019 00:00;0;1
12.01.2019 01:00;0;1
12.01.2019 02:00;0;1
12.01.2019 03:00;0;1
12.01.2019 04:00;0;1
12.01.2019 05:00;0;1
12.01.2019 06:00;0;1
12.01.2019 07:00;0;1
12.01.2019 08:00;0;1
12.01.2019 09:00;0;1
12.01.2019 10:00;0.011;1
12.01.2019 11:00;0.019;1
12.01.2019 12:00;0.016;1
12.01.2019 13:00;0.008;1
12.01.2019 14:00;0;1
12.01.2019 15:00;0;1
12.01.2019 16:00;0;1
12.01.2019 17:00;0;1
12.01.2019 18:00;0;1
12.01.2019 19:00;0;1
12.01.2019 20:00;0;1
12.01.2019 21:00;0;1
12.01.2019 22:00;0;1
12.01.2019 23:00;0;1
13.01.2019 00:00;0;1
13.01.2019 01:00;0;1
13.01.2019 02:00;0;1
13.01.2019 03:00;0;1
13.01.2019 04:00;0;1
13.01.2019 05:00;0;1
13.01.2019 06:00;0;1
13.01.2019 07:00;0;1
13.01.2019 08:00;0;1
13.01.2019 09:00;0;1
13.01.2019 10:00;0.01;1
13.01.2019 11:00;0.044;1
13.01.2019 12:00;0.066;1
13.01.2019 13:00;0.043;1
13.01.2019 14:00;0.014;1
13.01.2019 15:00;0;1
13.01.2019 16:00;0;1
13.01.2019 17:00;0;1
13.01.2019 18:00;0;1
13.01.2019 19:00;0;1
13.01.2019 20:00;0;1
13.01.2019 21:00;0;1
13.01.2019 22:00;0;1
13.01.2019 23:00;0;1
14.01.2019 00:00;0;1
14.01.2019 01:00;0;1
14.01.2019 02:00;0;1
14.01.2019 03:00;0;1
14.01.2019 04:00;0;1
14.01.2019 05:00;0;1
14.01.2019 06:00;0;1
14.01.2019 07:00;0;1
14.01.2019 08:00;0;1
14.01.2019 09:00;0;1
14.01.2019 10:00;0.027;1
14.01.2019 11:00;0.064;1
14.01.2019 12:00;0.075;1
14.01.2019 13:00;0.056;1
14.01.2019 14:00;0.012;1
14.01.2019 15:00;0;1
14.01.2019 16:00;0;1
14.01.2019 17:00;0;1
14.01.2019 18:00;0;1
14.01.2019 19:00;0;1
14.01.2019 20:00;0;1
14.01.2019 21:00;0;1
14.01.2019 22:00;0;1
14.01.2019 23:00;0;1
15.01.2019 00:00;0;1
15.01.2019 01:00;0;1
15.01.2019 02:00;0;1
15.01.2019 03:00;0;1
15.01.2019 04:00;0;1
15.01.2019 05:00;0;1
15.01.2019 06:00;0;1
15.01.2019 07:00;0;1
15.01.2019 08:00;0;1
15.01.2019 09:00;0;1
15.01.2019 10:00;0.008;1
15.01.2019 11:00;0.024;1
15.01.2019 12:00;0.03;1
15.01.2019 13:00;0.016;1
15.01.2019 14:00;0;1
15.01.2019 15:00;0;1
15.01.2019 16:00;0;1
15.01.2019 17:00;0;1
15.01.2019 18:00;0;1
15.01.2019 19:00;0;1
15.01.2019 20:00;0;1
15.01.2019 21:00;0;1
15.01.2019 22:00;0;1
15.01.2019 23:00;0;1
16.01.2019 00:00;0;1
16.01.2019 01:00;0;1
16.01.2019 02:00;0;1
16.01.2019 03:00;0;1
16.01.2019 04:00;0;1
16.01.2019 05:00;0;1
16.01.2019 06:00;0;1
16.01.2019 07:00;0;1
16.01.2019 08:00;0;1
16.01.2019 09:00;0;1
16.01.2019 10:00;0;1
16.01.2019 11:00;0.002;1
16.01.2019 12:00;0.004;1
16.01.2019 13:00;0.004;1
16.01.2019 14:00;0;1
16.01.2019 15:00;0;1
16.01.2019 16:00;0;1
16.01.2019 17:00;0;1
16.01.2019 18:00;0;1
16.01.2019 19:00;0;1
16.01.2019 20:00;0;1
16.01.2019 21:00;0;1
16.01.2019 22:00;0;1
16.01.2019 23:00;0;1
17.01.2019 00:00;0;1
17.01.2019 01:00;0;1
17.01.2019 02:00;0;1
17.01.2019 03:00;0;1
17.01.2019 04:00;0;1
17.01.2019 05:00;0;1
17.01.2019 06:00;0;1
17.01.2019 07:00;0;1
17.01.2019 08:00;0;1
17.01.2019 09:00;0.041;1
17.01.2019 10:00;0.197;1
17.01.2019 11:00;0.311;1
17.01.2019 12:00;0.337;1
17.01.2019 13:00;0.253;1
17.01.2019 14:00;0.083;1
17.01.2019 15:00;0;1
17.01.2019 16:00;0;1
17.01.2019 17:00;0;1
17.01.2019 18:00;0;1
17.01.2019 19:00;0;1
17.01.2019 20:00;0;1
17.01.2019 21:00;0;1
17.01.2019 22:00;0;1
17.01.2019 23:00;0;1
18.01.2019 00:00;0;1
18.01.2019 01:00;0;1
18.01.2019 02:00;0;1
18.01.2019 03:00;0;1
18.01.2019 04:00;0;1
18.01.2019 05:00;0;1
18.01.2019 06:00;0;1
18.01.2019 07:00;0;1
18.01.2019 08:00;0;1
18.01.2019 09:00;0.005;1
18.01.2019 10:00;0.053;1
18.01.2019 11:00;0.102;1
18.01.2019 12:00;0.104;1
18.01.2019 13:00;0.077;1
18.01.2019 14:00;0.029;1
18.01.2019 15:00;0;1
18.01.2019 16:00;0;1
18.01.2019 17:00;0;1
18.01.2019 18:00;0;1
18.01.2019 19:00;0;1
18.01.2019 20:00;0;1
18.01.2019 21:00;0;1
18.01.2019 22:00;0;1
18.01.2019 23:00;0;1
19.01.2019 00:00;0;1
19.01.2019 01:00;0;1
19.01.2019 02:00;0;1
19.01.2019 03:00;0;1
19.01.2019 04:00;0;1
19.01.2019 05:00;0;1
19.01.2019 06:00;0;1
19.01.2019 07:00;0;1
19.01.2019 08:00;0;1
19.01.2019 09:00;0.006;1
19.01.2019 10:00;0.052;1
19.01.2019 11:00;0.113;1
19.01.2019 12:00;0.151;1
19.01.2019 13:00;0.107;1
19.01.2019 14:00;0.038;1
19.01.2019 15:00;0;1
19.01.2019 16:00;0;1
19.01.2019 17:00;0;1
19.01.2019 18:00;0;1
19.01.2019 19:00;0;1
19.01.2019 20:00;0;1
19.01.2019 21:00;0;1
19.01.2019 22:00;0;1
19.01.2019 23:00;0;1
20.01.2019 00:00;0;1
20.01.2019 01:00;0;1
20.01.2019 02:00;0;1
20.01.2019 03:00;0;1
20.01.2019 04:00;0;1
20.01.2019 05:00;0;1
20.01.2019 06:00;0;1
20.01.2019 07:00;0;1
20.01.2019 08:00;0;1
20.01.2019 09:00;0.057;1
20.01.2019 10:00;0.201;1
20.01.2019 11:00;0.317;1
20.01.2019 12:00;0.347;1
20.01.2019 13:00;0.282;1
20.01.2019 14:00;0.135;1
20.01.2019 15:00;0;1
20.01.2019 16:00;0;1
20.01.2019 17:00;0;1
20.01.2019 18:00;0;1
20.01.2019 19:00;0;1
20.01.2019 20:00;0;1
20.01.2019 21:00;0;1
20.01.2019 22:00;0;1
20.01.2019 23:00;0;1
21.01.2019 00:00;0;1
21.01.2019 01:00;0;1
21.01.2019 02:00;0;1
21.01.2019 03:00;0;1
21.01.2019 04:00;0;1
21.01.2019 05:00;0;1
21.01.2019 06:00;0;1
21.01.2019 07:00;0;1
21.01.2019 08:00;0;1
21.01.2019 09:00;0.005;1
21.01.2019 10:00;0.084;1
21.01.2019 11:00;0.131;1
21.01.2019 12:00;0.122;1
21.01.2019 13:00;0.092;1
21.01.2019 14:00;0.038;1
21.01.2019 15:00;0;1
21.01.2019 16:00;0;1
21.01.2019 17:00;0;1
21.01.2019 18:00;0;1
21.01.2019 19:00;0;1
21.01.2019 20:00;0;1
21.01.2019 21:00;0;1
21.01.2019 22:00;0;1
21.01.2019 23:00;0;1
22.01.2019 00:00;0;1
22.01.2019 01:00;0;1
22.01.2019 02:00;0;1
22.01.2019 03:00;0;1
22.01.2019 04:00;0;1
22.01.2019 05:00;0;1
22.01.2019 06:00;0;1
22.01.2019 07:00;0;1
22.01.2019 08:00;0;1
22.01.2019 09:00;0.011;1
22.01.2019 10:00;0.052;1
22.01.2019 11:00;0.085;1
22.01.2019 12:00;0.102;1
22.01.2019 13:00;0.082;1
22.01.2019 14:00;0.033;1
22.01.2019 15:00;0;1
22.01.2019 16:00;0;1
22.01.2019 17:00;0;1
22.01.2019 18:00;0;1
22.01.2019 19:00;0;1
22.01.2019 20:00;0;1
22.01.2019 21:00;0;1
22.01.2019 22:00;0;1
22.01.2019 23:00;0;1
23.01.2019 00:00;0;1
23.01.2019 01:00;0;1
23.01.2019 02:00;0;1
23.01.2019 03:00;0;1
23.01.2019 04:00;0;1
23.01.2019 05:00;0;1
23.01.2019 06:00;0;1
23.01.2019 07:00;0;1
23.01.2019 08:00;0;1
23.01.2019 09:00;0.002;1
23.01.2019 10:00;0.029;1
23.01.2019 11:00;0.055;1
23.01.2019 12:00;0.058;1
23.01.2019 13:00;0.044;1
23.01.2019 14:00;0.015;1
23.01.2019 15:00;0;1
23.01.2019 16:00;0;1
23.01.2019 17:00;0;1
23.01.2019 18:00;0;1
23.01.2019 19:00;0;1
23.01.2019 20:00;0;1
23.01.2019 21:00;0;1
23.01.2019 22:00;0;1
23.01.2019 23:00;0;1
24.01.2019 00:00;0;1
24.01.2019 01:00;0;1
24.01.2019 02:00;0;1
24.01.2019 03:00;0;1
24.01.2019 04:00;0;1
24.01.2019 05:00;0;1
24.01.2019 06:00;0;1
24.01.2019 07:00;0;1
24.01.2019 08:00;0;1
24.01.2019 09:00;0;1
24.01.2019 10:00;0.007;1
24.01.2019 11:00;0.014;1
24.01.2019 12:00;0.016;1
24.01.2019 13:00;0.012;1
24.01.2019 14:00;0.002;1
24.01.2019 15:00;0;1
24.01.2019 16:00;0;1
24.01.2019 17:00;0;1
24.01.2019 18:00;0;1
24.01.2019 19:00;0;1
24.01.2019 20:00;0;1
24.01.2019 21:00;0;1
24.01.2019 22:00;0;1
24.01.2019 23:00;0;1
25.01.2019 00:00;0;1
25.01.2019 01:00;0;1
25.01.2019 02:00;0;1
25.01.2019 03:00;0;1
25.01.2019 04:00;0;1
25.01.2019 05:00;0;1
25.01.2019 06:00;0;1
25.01.2019 07:00;0;1
25.01.2019 08:00;0;1
25.01.2019 09:00;0.009;1
25.01.2019 10:00;0.047;1
25.01.2019 11:00;0.077;1
25.01.2019 12:00;0.096;1
25.01.2019 13:00;0.072;1
25.01.2019 14:00;0.031;1
25.01.2019 15:00;0;1
25.01.2019 16:00;0;1
25.01.2019 17:00;0;1
25.01.2019 18:00;0;1
25.01.2019 19:00;0;1
25.01.2019 20:00;0;1
25.01.2019 21:00;0;1
25.01.2019 22:00;0;1
25.01.2019 23:00;0;1
26.01.2019 00:00;0;1
26.01.2019 01:00;0;1
26.01.2019 02:00;0;1
26.01.2019 03:00;0;1
26.01.2019 04:00;0;1
26.01.2019 05:00;0;1
26.01.2019 06:00;0;1
26.01.2019 07:00;0;1
26.01.2019 08:00;0;1
26.01.2019 09:00;0;1
26.01.2019 10:00;0.013;1
26.01.2019 11:00;0.025;1
26.01.2019 12:00;0.028;1
26.01.2019 13:00;0.023;1
26.01.2019 14:00;0.009;1
26.01.2019 15:00;0;1
26.01.2019 16:00;0;1
26.01.2019 17:00;0;1
26.01.2019 18:00;0;1
26.01.2019 19:00;0;1
26.01.2019 20:00;0;1
26.01.2019 21:00;0;1
26.01.2019 22:00;0;1
26.01.2019 23:00;0;1
27.01.2019 00:00;0;1
27.01.2019 01:00;0;1
27.01.2019 02:00;0;1
27.01.2019 03:00;0;1
27.01.2019 04:00;0;1
27.01.2019 05:00;0;1
27.01.2019 06:00;0;1
27.01.2019 07:00;0;1
27.01.2019 08:00;0;1
27.01.2019 09:00;0.006;1
27.01.2019 10:00;0.024;1
27.01.2019 11:00;0.034;1
27.01.2019 12:00;0.033;1
27.01.2019 13:00;0.022;1
27.01.2019 14:00;0.006;1
27.01.2019 15:00;0;1
27.01.2019 16:00;0;1
27.01.2019 17:00;0;1
27.01.2019 18:00;0;1
27.01.2019 19:00;0;1
27.01.2019 20:00;0;1
27.01.2019 21:00;0;1
27.01.2019 22:00;0;1
27.01.2019 23:00;0;1
28.01.2019 00:00;0;1
28.01.2019 01:00;0;1
28.01.2019 02:00;0;1
28.01.2019 03:00;0;1
28.01.2019 04:00;0;1
28.01.2019 05:00;0;1
28.01.2019 06:00;0;1
28.01.2019 07:00;0;1
28.01.2019 08:00;0;1
28.01.2019 09:00;0;1
28.01.2019 10:00;0.008;1
28.01.2019 11:00;0.017;1
28.01.2019 12:00;0.018;1
28.01.2019 13:00;0.012;1
28.01.2019 14:00;0.002;1
28.01.2019 15:00;0;1
28.01.2019 16:00;0;1
28.01.2019 17:00;0;1
28.01.2019 18:00;0;1
28.01.2019 19:00;0;1
28.01.2019 20:00;0;1
28.01.2019 21:00;0;1
28.01.2019 22:00;0;1
28.01.2019 23:00;0;1
29.01.2019 00:00;0;1
29.01.2019 01:00;0;1
29.01.2019 02:00;0;1
29.01.2019 03:00;0;1
29.01.2019 04:00;0;1
29.01.2019 05:00;0;1
29.01.2019 06:00;0;1
29.01.2019 07:00;0;1
29.01.2019 08:00;0;1
29.01.2019 09:00;0.059;1
29.01.2019 10:00;0.152;1
29.01.2019 11:00;0.222;1
29.01.2019 12:00;0.242;1
29.01.2019 13:00;0.204;1
29.01.2019 14:00;0.112;1
29.01.2019 15:00;0.014;1
29.01.2019 16:00;0;1
29.01.2019 17:00;0;1
29.01.2019 18:00;0;1
29.01.2019 19:00;0;1
29.01.2019 20:00;0;1
29.01.2019 21:00;0;1
29.01.2019 22:00;0;1
29.01.2019 23:00;0;1
30.01.2019 00:00;0;1
30.01.2019 01:00;0;1
30.01.2019 02:00;0;1
30.01.2019 03:00;0;1
30.01.2019 04:00;0;1
30.01.2019 05:00;0;1
30.01.2019 06:00;0;1
30.01.2019 07:00;0;1
30.01.2019 08:00;0;1
30.01.2019 09:00;0.034;1
30.01.2019 10:00;0.099;1
30.01.2019 11:00;0.123;1
30.01.2019 12:00;0.134;1
30.01.2019 13:00;0.108;1
30.01.2019 14:00;0.056;1
30.01.2019 15:00;0.003;1
30.01.2019 16:00;0;1
30.01.2019 17:00;0;1
30.01.2019 18:00;0;1
30.01.2019 19:00;0;1
30.01.2019 20:00;1.1;1
30.01.2019 21:00;0;1
30.01.2019 22:00;0;1
30.01.2019 23:00;0;1
31.01.2019 00:00;0;1
31.01.2019 01:00;0;1
31.01.2019 02:00;0;1
31.01.2019 03:00;0;1
31.01.2019 04:00;0;1
31.01.2019 05:00;0;1
31.01.2019 06:00;0;1
31.01.2019 07:00;0;1
31.01.2019 08:00;0;1
31.01.2019 09:00;0.022;1
31.01.2019 10:00;0.062;1
31.01.2019 11:00;0.08;1
31.01.2019 12:00;0.075;1
31.01.2019 13:00;0.054;1
31.01.2019 14:00;0.023;1
31.01.2019 15:00;0;1
31.01.2019 16:00;0;1
31.01.2019 17:00;0;1
31.01.2019 18:00;0;1
31.01.2019 19:00;0;1
31.01.2019 20:00;0;1
31.01.2019 21:00;0;1
31.01.2019 22:00;0;1
31.01.2019 23:00;0;1
01.02.2019 00:00;0;1
01.02.2019 01:00;0;1
01.02.2019 02:00;0;1
01.02.2019 03:00;0;1
01.02.2019 04:00;0;1
01.02.2019 05:00;0;1
01.02.2019 06:00;0;1
01.02.2019 07:00;0;1
01.02.2019 08:00;0;1
01.02.2019 09:00;0.009;1
01.02.2019 10:00;0.036;1
01.02.2019 11:00;0.059;1
01.02.2019 12:00;0.062;1
01.02.2019 13:00;0.046;1
01.02.2019 14:00;0.02;1
01.02.2019 15:00;0;1
01.02.2019 16:00;0;1
01.02.2019 17:00;0;1
01.02.2019 18:00;0;1
01.02.2019 19:00;0;1
01.02.2019 20:00;0;1
01.02.2019 21:00;0;1
01.02.2019 22:00;0;1
01.02.2019 23:00;0;1
02.02.2019 00:00;0;1
02.02.2019 01:00;0;1
02.02.2019 02:00;0;1
02.02.2019 03:00;0;1
02.02.2019 04:00;0;1
02.02.2019 05:00;0;1
02.02.2019 06:00;0;1
02.02.2019 07:00;0;1
02.02.2019 08:00;0;1
02.02.2019 09:00;0.015;1
02.02.2019 10:00;0.05;1
02.02.2019 11:00;0.073;1
02.02.2019 12:00;0.068;1
02.02.2019 13:00;0.048;1
02.02.2019 14:00;0.021;1
02.02.2019 15:00;0;1
02.02.2019 16:00;0;1
02.02.2019 17:00;0;1
02.02.2019 18:00;0;1
02.02.2019 19:00;0;1
02.02.2019 20:00;0;1
02.02.2019 21:00;0;1
02.02.2019 22:00;0;1
02.02.2019 23:00;0;1
03.02.2019 00:00;0;1
03.02.2019 01:00;0;1
03.02.2019 02:00;0;1
03.02.2019 03:00;0;1
03.02.2019 04:00;0;1
03.02.2019 05:00;0;1
03.02.2019 06:00;0;1
03.02.2019 07:00;0;1
03.02.2019 08:00;0;1
03.02.2019 09:00;0.108;1
03.02.2019 10:00;0.225;1
03.02.2019 11:00;0.297;1
03.02.2019 12:00;0.325;1
03.02.2019 13:00;0.317;1
03.02.2019 14:00;0.197;1
03.02.2019 15:00;0.047;1
03.02.2019 16:00;0;1
03.02.2019 17:00;0;1
03.02.2019 18:00;0;1
03.02.2019 19:00;0;1
03.02.2019 20:00;0;1
03.02.2019 21:00;0;1
03.02.2019 22:00;0;1
03.02.2019 23:00;0;1
04.02.2019 00:00;0;1
04.02.2019 01:00;0;1
04.02.2019 02:00;0;1
04.02.2019 03:00;0;1
04.02.2019 04:00;0;1
04.02.2019 05:00;0;1
04.02.2019 06:00;0;1
04.02.2019 07:00;0;1
04.02.2019 08:00;0;1
04.02.2019 09:00;0.054;1
04.02.2019 10:00;0.135;1
04.02.2019 11:00;0.167;1
04.02.2019 12:00;0.131;1
04.02.2019 13:00;0.078;1
04.02.2019 14:00;0.035;1
04.02.2019 15:00;0.002;1
04.02.2019 16:00;0;1
04.02.2019 17:00;0;1
04.02.2019 18:00;0;1
04.02.2019 19:00;0;1
04.02.2019 20:00;0;1
04.02.2019 21:00;0;1
04.02.2019 22:00;0;1
04.02.2019 23:00;0;1
05.02.2019 00:00;0;1
05.02.2019 01:00;0;1
05.02.2019 02:00;0;1
05.02.2019 03:00;0;1
05.02.2019 04:00;0;1
05.02.2019 05:00;0;1
05.02.2019 06:00;0;1
05.02.2019 07:00;0;1
05.02.2019 08:00;0;1
05.02.2019 09:00;0.011;1
05.02.2019 10:00;0.032;1
05.02.2019 11:00;0.05;1
05.02.2019 12:00;0.054;1
05.02.2019 13:00;0.056;1
05.02.2019 14:00;0.051;1
05.02.2019 15:00;0.023;1
05.02.2019 16:00;0;1
05.02.2019 17:00;0;1
05.02.2019 18:00;0;1
05.02.2019 19:00;0;1
05.02.2019 20:00;0;1
05.02.2019 21:00;0;1
05.02.2019 22:00;0;1
05.02.2019 23:00;0;1
06.02.2019 00:00;0;1
06.02.2019 01:00;0;1
06.02.2019 02:00;0;1
06.02.2019 03:00;0;1
06.02.2019 04:00;0;1
06.02.2019 05:00;0;1
06.02.2019 06:00;0;1
06.02.2019 07:00;0;1
06.02.2019 08:00;0;1
06.02.2019 09:00;0.032;1
06.02.2019 10:00;0.05;1
06.02.2019 11:00;0.044;1
06.02.2019 12:00;0.033;1
06.02.2019 13:00;0.021;1
06.02.2019 14:00;0.015;1
06.02.2019 15:00;0;1
06.02.2019 16:00;0;1
06.02.2019 17:00;0;1
06.02.2019 18:00;0;1
06.02.2019 19:00;0;1
06.02.2019 20:00;0;1
06.02.2019 21:00;0;1
06.02.2019 22:00;0;1
06.02.2019 23:00;0;1
07.02.2019 00:00;0;1
07.02.2019 01:00;0;1
07.02.2019 02:00;0;1
07.02.2019 03:00;0;1
07.02.2019 04:00;0;1
07.02.2019 05:00;0;1
07.02.2019 06:00;0;1
07.02.2019 07:00;0;1
07.02.2019 08:00;0;1
07.02.2019 09:00;0.066;1
07.02.2019 10:00;0.098;1
07.02.2019 11:00;0.111;1
07.02.2019 12:00;0.101;1
07.02.2019 13:00;0.066;1
07.02.2019 14:00;0.027;1
07.02.2019 15:00;0.001;1
07.02.2019 16:00;0;1
07.02.2019 17:00;0;1
07.02.2019 18:00;0;1
07.02.2019 19:00;0;1
07.02.2019 20:00;0;1
07.02.2019 21:00;0;1
07.02.2019 22:00;0;1
07.02.2019 23:00;0;1
08.02.2019 00:00;0;1
08.02.2019 01:00;0;1
08.02.2019 02:00;0;1
08.02.2019 03:00;0;1
08.02.2019 04:00;0;1
08.02.2019 05:00;0;1
08.02.2019 06:00;0;1
08.02.2019 07:00;0;1
08.02.2019 08:00;0.01;1
08.02.2019 09:00;0.086;1
08.02.2019 10:00;0.248;1
08.02.2019 11:00;0.446;1
08.02.2019 12:00;0.489;1
08.02.2019 13:00;0.423;1
08.02.2019 14:00;0.246;1
08.02.2019 15:00;0.043;1
08.02.2019 16:00;0;1
08.02.2019 17:00;0;1
08.02.2019 18:00;0;1
08.02.2019 19:00;0;1
08.02.2019 20:00;0;1
08.02.2019 21:00;0;1
08.02.2019 22:00;0;1
08.02.2019 23:00;0;1
09.02.2019 00:00;0;1
09.02.2019 01:00;0;1
09.02.2019 02:00;0;1
09.02.2019 03:00;0;1
09.02.2019 04:00;0;1
09.02.2019 05:00;0;1
09.02.2019 06:00;0;1
09.02.2019 07:00;0;1
09.02.2019 08:00;0;1
09.02.2019 09:00;0.008;1
09.02.2019 10:00;0.021;1
09.02.2019 11:00;0.028;1
09.02.2019 12:00;0.03;1
09.02.2019 13:00;0.032;1
09.02.2019 14:00;0.02;1
09.02.2019 15:00;0;1
09.02.2019 16:00;0;1
09.02.2019 17:00;0;1
09.02.2019 18:00;0;1
09.02.2019 19:00;0;1
09.02.2019 20:00;0;1
09.02.2019 21:00;0;1
09.02.2019 22:00;0;1
09.02.2019 23:00;0;1
10.02.2019 00:00;0;1
10.02.2019 01:00;0;1
10.02.2019 02:00;0;1
10.02.2019 03:00;0;1
10.02.2019 04:00;0;1
10.02.2019 05:00;0;1
10.02.2019 06:00;0;1
10.02.2019 07:00;0;1
10.02.2019 08:00;0.009;1
10.02.2019 09:00;0.069;1
10.02.2019 10:00;0.131;1
10.02.2019 11:00;0.192;1
10.02.2019 12:00;0.228;1
10.02.2019 13:00;0.222;1
10.02.2019 14:00;0.149;1
10.02.2019 15:00;0.046;1
10.02.2019 16:00;0;1
10.02.2019 17:00;0;1
10.02.2019 18:00;0;1
10.02.2019 19:00;0;1
10.02.2019 20:00;0;1
10.02.2019 21:00;0;1
10.02.2019 22:00;0;1
10.02.2019 23:00;0;1
11.02.2019 00:00;0;1
11.02.2019 01:00;0;1
11.02.2019 02:00;0;1
11.02.2019 03:00;0;1
11.02.2019 04:00;0;1
11.02.2019 05:00;0;1
11.02.2019 06:00;0;1
11.02.2019 07:00;0;1
11.02.2019 08:00;0.04;1
11.02.2019 09:00;0.195;1
11.02.2019 10:00;0.324;1
11.02.2019 11:00;0.393;1
11.02.2019 12:00;0.376;1
11.02.2019 13:00;0.242;1
11.02.2019 14:00;0.124;1
11.02.2019 15:00;0.042;1
11.02.2019 16:00;0;1
11.02.2019 17:00;0;1
11.02.2019 18:00;0;1
11.02.2019 19:00;0;1
11.02.2019 20:00;0;1
11.02.2019 21:00;0;1
11.02.2019 22:00;0;1
11.02.2019 23:00;0;1
12.02.2019 00:00;0;1
12.02.2019 01:00;0;1
12.02.2019 02:00;0;1
12.02.2019 03:00;0;1
12.02.2019 04:00;0;1
12.02.2019 05:00;0;1
12.02.2019 06:00;0;1
12.02.2019 07:00;0;1
12.02.2019 08:00;0.011;1
12.02.2019 09:00;0.039;1
12.02.2019 10:00;0.062;1
12.02.2019 11:00;0.077;1
12.02.2019 12:00;0.077;1
12.02.2019 13:00;0.057;1
12.02.2019 14:00;0.03;1
12.02.2019 15:00;0.005;1
12.02.2019 16:00;0;1
12.02.2019 17:00;0;1
12.02.2019 18:00;0;1
12.02.2019 19:00;0;1
12.02.2019 20:00;0;1
12.02.2019 21:00;0;1
12.02.2019 22:00;0;1
12.02.2019 23:00;0;1
13.02.2019 00:00;0;1
13.02.2019 01:00;0;1
13.02.2019 02:00;0;1
13.02.2019 03:00;0;1
13.02.2019 04:00;0;1
13.02.2019 05:00;0;1
13.02.2019 06:00;0;1
13.02.2019 07:00;0;1
13.02.2019 08:00;0.042;1
13.02.2019 09:00;0.232;1
13.02.2019 10:00;0.371;1
13.02.2019 11:00;0.47;1
13.02.2019 12:00;0.489;1
13.02.2019 13:00;0.436;1
13.02.2019 14:00;0.296;1
13.02.2019 15:00;0.123;1
13.02.2019 16:00;0;1
13.02.2019 17:00;0;1
13.02.2019 18:00;0;1
13.02.2019 19:00;0;1
13.02.2019 20:00;0;1
13.02.2019 21:00;0;1
13.02.2019 22:00;0;1
13.02.2019 23:00;0;1
14.02.2019 00:00;0;1
14.02.2019 01:00;0;1
14.02.2019 02:00;0;1
14.02.2019 03:00;0;1
14.02.2019 04:00;0;1
14.02.2019 05:00;0;1
14.02.2019 06:00;0;1
14.02.2019 07:00;0;1
14.02.2019 08:00;0.044;1
14.02.2019 09:00;0.166;1
14.02.2019 10:00;0.236;1
14.02.2019 11:00;0.211;1
14.02.2019 12:00;0.2;1
14.02.2019 13:00;0.195;1
14.02.2019 14:00;0.098;1
14.02.2019 15:00;0.028;1
14.02.2019 16:00;0;1
14.02.2019 17:00;0;1
14.02.2019 18:00;0;1
14.02.2019 19:00;0;1
14.02.2019 20:00;0;1
14.02.2019 21:00;0;1
14.02.2019 22:00;0;1
14.02.2019 23:00;0;1
15.02.2019 00:00;0;1
15.02.2019 01:00;0;1
15.02.2019 02:00;0;1
15.02.2019 03:00;0;1
15.02.2019 04:00;0;1
15.02.2019 05:00;0;1
15.02.2019 06:00;0;1
15.02.2019 07:00;0;1
15.02.2019 08:00;0.007;1
15.02.2019 09:00;0.024;1
15.02.2019 10:00;0.045;1
15.02.2019 11:00;0.075;1
15.02.2019 12:00;0.09;1
15.02.2019 13:00;0.09;1
15.02.2019 14:00;0.09;1
15.02.2019 15:00;0.028;1
15.02.2019 16:00;0;1
15.02.2019 17:00;0;1
15.02.2019 18:00;0;1
15.02.2019 19:00;0;1
15.02.2019 20:00;0;1
15.02.2019 21:00;0;1
15.02.2019 22:00;0;1
15.02.2019 23:00;0;1
16.02.2019 00:00;0;1
16.02.2019 01:00;0;1
16.02.2019 02:00;0;1
16.02.2019 03:00;0;1
16.02.2019 04:00;0;1
16.02.2019 05:00;0;1
16.02.2019 06:00;0;1
16.02.2019 07:00;0;1
16.02.2019 08:00;0.003;1
16.02.2019 09:00;0.021;1
16.02.2019 10:00;0.044;1
16.02.2019 11:00;0.076;1
16.02.2019 12:00;0.111;1
16.02.2019 13:00;0.245;1
16.02.2019 14:00;0.209;1
16.02.2019 15:00;0.098;1
16.02.2019 16:00;0.006;1
16.02.2019 17:00;0;1
16.02.2019 18:00;0;1
16.02.2019 19:00;0;1
16.02.2019 20:00;0;1
16.02.2019 21:00;0;1
16.02.2019 22:00;0;1
16.02.2019 23:00;0;1
17.02.2019 00:00;0;1
17.02.2019 01:00;0;1
17.02.2019 02:00;0;1
17.02.2019 03:00;0;1
17.02.2019 04:00;0;1
17.02.2019 05:00;0;1
17.02.2019 06:00;0;1
17.02.2019 07:00;0;1
17.02.2019 08:00;0.031;1
17.02.2019 09:00;0.108;1
17.02.2019 10:00;0.187;1
17.02.2019 11:00;0.247;1
17.02.2019 12:00;0.24;1
17.02.2019 13:00;0.192;1
17.02.2019 14:00;0.134;1
17.02.2019 15:00;0.051;1
17.02.2019 16:00;0;1
17.02.2019 17:00;0;1
17.02.2019 18:00;0;1
17.02.2019 19:00;0;1
17.02.2019 20:00;0;1
17.02.2019 21:00;0;1
17.02.2019 22:00;0;1
17.02.2019 23:00;0;1
18.02.2019 00:00;0;1
18.02.2019 01:00;0;1
18.02.2019 02:00;0;1
18.02.2019 03:00;0;1
18.02.2019 04:00;0;1
18.02.2019 05:00;0;1
18.02.2019 06:00;0;1
18.02.2019 07:00;0;1
18.02.2019 08:00;0;1
18.02.2019 09:00;0.012;1
18.02.2019 10:00;0.031;1
18.02.2019 11:00;0.046;1
18.02.2019 12:00;0.052;1
18.02.2019 13:00;0.036;1
18.02.2019 14:00;0.016;1
18.02.2019 15:00;0.002;1
18.02.2019 16:00;0;1
18.02.2019 17:00;0;1
18.02.2019 18:00;0;1
18.02.2019 19:00;0;1
18.02.2019 20:00;0;1
18.02.2019 21:00;0;1
18.02.2019 22:00;0;1
18.02.2019 23:00;0;1
19.02.2019 00:00;0;1
19.02.2019 01:00;0;1
19.02.2019 02:00;0;1
19.02.2019 03:00;0;1
19.02.2019 04:00;0;1
19.02.2019 05:00;0;1
19.02.2019 06:00;0;1
19.02.2019 07:00;0;1
19.02.2019 08:00;0;1
19.02.2019 09:00;0.021;1
19.02.2019 10:00;0.041;1
19.02.2019 11:00;0.059;1
19.02.2019 12:00;0.083;1
19.02.2019 13:00;0.133;1
19.02.2019 14:00;0.115;1
19.02.2019 15:00;0.059;1
19.02.2019 16:00;0.001;1
19.02.2019 17:00;0;1
19.02.2019 18:00;0;1
19.02.2019 19:00;0;1
19.02.2019 20:00;0;1
19.02.2019 21:00;0;1
19.02.2019 22:00;0;1
19.02.2019 23:00;0;1
20.02.2019 00:00;0;1
20.02.2019 01:00;0;1
20.02.2019 02:00;0;1
20.02.2019 03:00;0;1
20.02.2019 04:00;0;1
20.02.2019 05:00;0;1
20.02.2019 06:00;0;1
20.02.2019 07:00;0;1
20.02.2019 08:00;0.133;1
20.02.2019 09:00;0.333;1
20.02.2019 10:00;0.48;1
20.02.2019 11:00;0.562;1
20.02.2019 12:00;0.577;1
20.02.2019 13:00;0.499;1
20.02.2019 14:00;0.366;1
20.02.2019 15:00;0.196;1
20.02.2019 16:00;0.021;1
20.02.2019 17:00;0;1
20.02.2019 18:00;0;1
20.02.2019 19:00;0;1
20.02.2019 20:00;0;1
20.02.2019 21:00;0;1
20.02.2019 22:00;0;1
20.02.2019 23:00;0;1
21.02.2019 00:00;0;1
21.02.2019 01:00;0;1
21.02.2019 02:00;0;1
21.02.2019 03:00;0;1
21.02.2019 04:00;0;1
21.02.2019 05:00;0;1
21.02.2019 06:00;0;1
21.02.2019 07:00;0;1
21.02.2019 08:00;0.014;1
21.02.2019 09:00;0.061;1
21.02.2019 10:00;0.104;1
21.02.2019 11:00;0.096;1
21.02.2019 12:00;0.109;1
21.02.2019 13:00;0.126;1
21.02.2019 14:00;0.079;1
21.02.2019 15:00;0.034;1
21.02.2019 16:00;0.002;1
21.02.2019 17:00;0;1
21.02.2019 18:00;0;1
21.02.2019 19:00;0;1
21.02.2019 20:00;0;1
21.02.2019 21:00;0;1
21.02.2019 22:00;0;1
21.02.2019 23:00;0;1
22.02.2019 00:00;0;1
22.02.2019 01:00;0;1
22.02.2019 02:00;0;1
22.02.2019 03:00;0;1
22.02.2019 04:00;0;1
22.02.2019 05:00;0;1
22.02.2019 06:00;0;1
22.02.2019 07:00;0;1
22.02.2019 08:00;0.005;1
22.02.2019 09:00;0.023;1
22.02.2019 10:00;0.053;1
22.02.2019 11:00;0.091;1
22.02.2019 12:00;0.111;1
22.02.2019 13:00;0.085;1
22.02.2019 14:00;0.059;1
22.02.2019 15:00;0.028;1
22.02.2019 16:00;0;1
22.02.2019 17:00;0;1
22.02.2019 18:00;0;1
22.02.2019 19:00;0;1
22.02.2019 20:00;0;1
22.02.2019 21:00;0;1
22.02.2019 22:00;0;1
22.02.2019 23:00;0;1
23.02.2019 00:00;0;1
23.02.2019 01:00;0;1
23.02.2019 02:00;0;1
23.02.2019 03:00;0;1
23.02.2019 04:00;0;1
23.02.2019 05:00;0;1
23.02.2019 06:00;0;1
23.02.2019 07:00;0;1
23.02.2019 08:00;0.016;1
23.02.2019 09:00;0.124;1
23.02.2019 10:00;0.306;1
23.02.2019 11:00;0.287;1
23.02.2019 12:00;0.099;1
23.02.2019 13:00;0.081;1
23.02.2019 14:00;0.096;1
23.02.2019 15:00;0.05;1
23.02.2019 16:00;0.002;1
23.02.2019 17:00;0;1
23.02.2019 18:00;0;1
23.02.2019 19:00;0;1
23.02.2019 20:00;0;1
23.02.2019 21:00;0;1
23.02.2019 22:00;0;1
23.02.2019 23:00;0;1
24.02.2019 00:00;0;1
24.02.2019 01:00;0;1
24.02.2019 02:00;0;1
24.02.2019 03:00;0;1
24.02.2019 04:00;0;1
24.02.2019 05:00;0;1
24.02.2019 06:00;0;1
24.02.2019 07:00;0;1
24.02.2019 08:00;0.149;1
24.02.2019 09:00;0.336;1
24.02.2019 10:00;0.456;1
24.02.2019 11:00;0.541;1
24.02.2019 12:00;0.573;1
24.02.2019 13:00;0.55;1
24.02.2019 14:00;0.451;1
24.02.2019 15:00;0.277;1
24.02.2019 16:00;0.065;1
24.02.2019 17:00;0;1
24.02.2019 18:00;0;1
24.02.2019 19:00;0;1
24.02.2019 20:00;0;1
24.02.2019 21:00;0;1
24.02.2019 22:00;0;1
24.02.2019 23:00;0;1
25.02.2019 00:00;0;1
25.02.2019 01:00;0;1
25.02.2019 02:00;0;1
25.02.2019 03:00;0;1
25.02.2019 04:00;0;1
25.02.2019 05:00;0;1
25.02.2019 06:00;0;1
25.02.2019 07:00;0.002;1
25.02.2019 08:00;0.097;1
25.02.2019 09:00;0.198;1
25.02.2019 10:00;0.329;1
25.02.2019 11:00;0.354;1
25.02.2019 12:00;0.402;1
25.02.2019 13:00;0.276;1
25.02.2019 14:00;0.128;1
25.02.2019 15:00;0.041;1
25.02.2019 16:00;0.005;1
25.02.2019 17:00;0;1
25.02.2019 18:00;0;1
25.02.2019 19:00;0;1
25.02.2019 20:00;0;1
25.02.2019 21:00;0;1
25.02.2019 22:00;0;1
25.02.2019 23:00;0;1
26.02.2019 00:00;0;1
26.02.2019 01:00;0;1
26.02.2019 02:00;0;1
26.02.2019 03:00;0;1
26.02.2019 04:00;0;1
26.02.2019 05:00;0;1
26.02.2019 06:00;0;1
26.02.2019 07:00;0;1
26.02.2019 08:00;0.028;1
26.02.2019 09:00;0.07;1
26.02.2019 10:00;0.091;1
26.02.2019 11:00;0.09;1
26.02.2019 12:00;0.098;1
26.02.2019 13:00;0.136;1
26.02.2019 14:00;0.096;1
26.02.2019 15:00;0.056;1
26.02.2019 16:00;0.01;1
26.02.2019 17:00;0;1
26.02.2019 18:00;0;1
26.02.2019 19:00;0;1
26.02.2019 20:00;0;1
26.02.2019 21:00;0;1
26.02.2019 22:00;0;1
26.02.2019 23:00;0;1
27.02.2019 00:00;0;1
27.02.2019 01:00;0;1
27.02.2019 02:00;0;1
27.02.2019 03:00;0;1
27.02.2019 04:00;0;1
27.02.2019 05:00;0;1
27.02.2019 06:00;0;1
27.02.2019 07:00;0;1
27.02.2019 08:00;0.03;1
27.02.2019 09:00;0.066;1
27.02.2019 10:00;0.101;1
27.02.2019 11:00;0.135;1
27.02.2019 12:00;0.156;1
27.02.2019 13:00;0.097;1
27.02.2019 14:00;0.049;1
27.02.2019 15:00;0.024;1
27.02.2019 16:00;0.009;1
27.02.2019 17:00;0;1
27.02.2019 18:00;0;1
27.02.2019 19:00;0;1
27.02.2019 20:00;0;1
27.02.2019 21:00;0;1
27.02.2019 22:00;0;1
27.02.2019 23:00;0;1
28.02.2019 00:00;0;1
28.02.2019 01:00;0;1
28.02.2019 02:00;0;1
28.02.2019 03:00;0;1
28.02.2019 04:00;0;1
28.02.2019 05:00;0;1
28.02.2019 06:00;0;1
28.02.2019 07:00;0.015;1
28.02.2019 08:00;0.187;1
28.02.2019 09:00;0.366;1
28.02.2019 10:00;0.488;1
28.02.2019 11:00;0.55;1
28.02.2019 12:00;0.557;1
28.02.2019 13:00;0.51;1
28.02.2019 14:00;0.383;1
28.02.2019 15:00;0.192;1
28.02.2019 16:00;0.035;1
28.02.2019 17:00;0;1
28.02.2019 18:00;0;1
28.02.2019 19:00;0;1
28.02.2019 20:00;0;1
28.02.2019 21:00;0;1
28.02.2019 22:00;0;1
28.02.2019 23:00;0;1
01.03.2019 00:00;0;1
01.03.2019 01:00;0;1
01.03.2019 02:00;0;1
01.03.2019 03:00;0;1
01.03.2019 04:00;0;1
01.03.2019 05:00;0;1
01.03.2019 06:00;0;1
01.03.2019 07:00;0.02;1
01.03.2019 08:00;0.2;1
01.03.2019 09:00;0.383;1
01.03.2019 10:00;0.512;1
01.03.2019 11:00;0.58;1
01.03.2019 12:00;0.577;1
01.03.2019 13:00;0.506;1
01.03.2019 14:00;0.345;1
01.03.2019 15:00;0.205;1
01.03.2019 16:00;0.077;1
01.03.2019 17:00;0;1
01.03.2019 18:00;0;1
01.03.2019 19:00;0;1
01.03.2019 20:00;0;1
01.03.2019 21:00;0;1
01.03.2019 22:00;0;1
01.03.2019 23:00;0;1
02.03.2019 00:00;0;1
02.03.2019 01:00;0;1
02.03.2019 02:00;0;1
02.03.2019 03:00;0;1
02.03.2019 04:00;0;1
02.03.2019 05:00;0;1
02.03.2019 06:00;0;1
02.03.2019 07:00;0.031;1
02.03.2019 08:00;0.232;1
02.03.2019 09:00;0.43;1
02.03.2019 10:00;0.574;1
02.03.2019 11:00;0.618;1
02.03.2019 12:00;0.473;1
02.03.2019 13:00;0.404;1
02.03.2019 14:00;0.292;1
02.03.2019 15:00;0.086;1
02.03.2019 16:00;0.003;1
02.03.2019 17:00;0;1
02.03.2019 18:00;0;1
02.03.2019 19:00;0;1
02.03.2019 20:00;0;1
02.03.2019 21:00;0;1
02.03.2019 22:00;0;1
02.03.2019 23:00;0;1
03.03.2019 00:00;0;1
03.03.2019 01:00;0;1
03.03.2019 02:00;0;1
03.03.2019 03:00;0;1
03.03.2019 04:00;0;1
03.03.2019 05:00;0;1
03.03.2019 06:00;0;1
03.03.2019 07:00;0;1
03.03.2019 08:00;0.003;1
03.03.2019 09:00;0.018;1
03.03.2019 10:00;0.037;1
03.03.2019 11:00;0.057;1
03.03.2019 12:00;0.09;1
03.03.2019 13:00;0.156;1
03.03.2019 14:00;0.132;1
03.03.2019 15:00;0.085;1
03.03.2019 16:00;0.026;1
03.03.2019 17:00;0;1
03.03.2019 18:00;0;1
03.03.2019 19:00;0;1
03.03.2019 20:00;0;1
03.03.2019 21:00;0;1
03.03.2019 22:00;0;1
03.03.2019 23:00;0;1
04.03.2019 00:00;0;1
04.03.2019 01:00;0;1
04.03.2019 02:00;0;1
04.03.2019 03:00;0;1
04.03.2019 04:00;0;1
04.03.2019 05:00;0;1
04.03.2019 06:00;0;1
04.03.2019 07:00;0;1
04.03.2019 08:00;0.024;1
04.03.2019 09:00;0.055;1
04.03.2019 10:00;0.076;1
04.03.2019 11:00;0.093;1
04.03.2019 12:00;0.095;1
04.03.2019 13:00;0.091;1
04.03.2019 14:00;0.079;1
04.03.2019 15:00;0.053;1
04.03.2019 16:00;0.015;1
04.03.2019 17:00;0;1
04.03.2019 18:00;0;1
04.03.2019 19:00;0;1
04.03.2019 20:00;0;1
04.03.2019 21:00;0;1
04.03.2019 22:00;0;1
04.03.2019 23:00;0;1
05.03.2019 00:00;0;1
05.03.2019 01:00;0;1
05.03.2019 02:00;0;1
05.03.2019 03:00;0;1
05.03.2019 04:00;0;1
05.03.2019 05:00;0;1
05.03.2019 06:00;0;1
05.03.2019 07:00;0.022;1
05.03.2019 08:00;0.187;1
05.03.2019 09:00;0.386;1
05.03.2019 10:00;0.574;1
05.03.2019 11:00;0.667;1
05.03.2019 12:00;0.649;1
05.03.2019 13:00;0.535;1
05.03.2019 14:00;0.422;1
05.03.2019 15:00;0.175;1
05.03.2019 16:00;0.064;1
05.03.2019 17:00;0;1
05.03.2019 18:00;0;1
05.03.2019 19:00;0;1
05.03.2019 20:00;0;1
05.03.2019 21:00;0;1
05.03.2019 22:00;0;1
05.03.2019 23:00;0;1
06.03.2019 00:00;0;1
06.03.2019 01:00;0;1
06.03.2019 02:00;0;1
06.03.2019 03:00;0;1
06.03.2019 04:00;0;1
06.03.2019 05:00;0;1
06.03.2019 06:00;0;1
06.03.2019 07:00;0.002;1
06.03.2019 08:00;0.047;1
06.03.2019 09:00;0.115;1
06.03.2019 10:00;0.183;1
06.03.2019 11:00;0.209;1
06.03.2019 12:00;0.206;1
06.03.2019 13:00;0.196;1
06.03.2019 14:00;0.141;1
06.03.2019 15:00;0.06;1
06.03.2019 16:00;0.018;1
06.03.2019 17:00;0;1
06.03.2019 18:00;0;1
06.03.2019 19:00;0;1
06.03.2019 20:00;0;1
06.03.2019 21:00;0;1
06.03.2019 22:00;0;1
06.03.2019 23:00;0;1
07.03.2019 00:00;0;1
07.03.2019 01:00;0;1
07.03.2019 02:00;0;1
07.03.2019 03:00;0;1
07.03.2019 04:00;0;1
07.03.2019 05:00;0;1
07.03.2019 06:00;0;1
07.03.2019 07:00;0;1
07.03.2019 08:00;0.034;1
07.03.2019 09:00;0.088;1
07.03.2019 10:00;0.143;1
07.03.2019 11:00;0.182;1
07.03.2019 12:00;0.186;1
07.03.2019 13:00;0.156;1
07.03.2019 14:00;0.093;1
07.03.2019 15:00;0.049;1
07.03.2019 16:00;0.016;1
07.03.2019 17:00;0;1
07.03.2019 18:00;0;1
07.03.2019 19:00;0;1
07.03.2019 20:00;0;1
07.03.2019 21:00;0;1
07.03.2019 22:00;0;1
07.03.2019 23:00;0;1
08.03.2019 00:00;0;1
08.03.2019 01:00;0;1
08.03.2019 02:00;0;1
08.03.2019 03:00;0;1
08.03.2019 04:00;0;1
08.03.2019 05:00;0;1
08.03.2019 06:00;0;1
08.03.2019 07:00;0;1
08.03.2019 08:00;0.032;1
08.03.2019 09:00;0.069;1
08.03.2019 10:00;0.095;1
08.03.2019 11:00;0.112;1
08.03.2019 12:00;0.107;1
08.03.2019 13:00;0.097;1
08.03.2019 14:00;0.103;1
08.03.2019 15:00;0.111;1
08.03.2019 16:00;0.067;1
08.03.2019 17:00;0;1
08.03.2019 18:00;0;1
08.03.2019 19:00;0;1
08.03.2019 20:00;0;1
08.03.2019 21:00;0;1
08.03.2019 22:00;0;1
08.03.2019 23:00;0;1
09.03.2019 00:00;0;1
09.03.2019 01:00;0;1
09.03.2019 02:00;0;1
09.03.2019 03:00;0;1
09.03.2019 04:00;0;1
09.03.2019 05:00;0;1
09.03.2019 06:00;0;1
09.03.2019 07:00;0.022;1
09.03.2019 08:00;0.085;1
09.03.2019 09:00;0.148;1
09.03.2019 10:00;0.185;1
09.03.2019 11:00;0.2;1
09.03.2019 12:00;0.194;1
09.03.2019 13:00;0.174;1
09.03.2019 14:00;0.144;1
09.03.2019 15:00;0.112;1
09.03.2019 16:00;0.057;1
09.03.2019 17:00;0;1
09.03.2019 18:00;0;1
09.03.2019 19:00;0;1
09.03.2019 20:00;0;1
09.03.2019 21:00;0;1
09.03.2019 22:00;0;1
09.03.2019 23:00;0;1
10.03.2019 00:00;0;1
10.03.2019 01:00;0;1
10.03.2019 02:00;0;1
10.03.2019 03:00;0;1
10.03.2019 04:00;0;1
10.03.2019 05:00;0;1
10.03.2019 06:00;0;1
10.03.2019 07:00;0.081;1
10.03.2019 08:00;0.269;1
10.03.2019 09:00;0.414;1
10.03.2019 10:00;0.506;1
10.03.2019 11:00;0.493;1
10.03.2019 12:00;0.409;1
10.03.2019 13:00;0.34;1
10.03.2019 14:00;0.236;1
10.03.2019 15:00;0.119;1
10.03.2019 16:00;0.035;1
10.03.2019 17:00;0;1
10.03.2019 18:00;0;1
10.03.2019 19:00;0;1
10.03.2019 20:00;0;1
10.03.2019 21:00;0;1
10.03.2019 22:00;0;1
10.03.2019 23:00;0;1
11.03.2019 00:00;0;1
11.03.2019 01:00;0;1
11.03.2019 02:00;0;1
11.03.2019 03:00;0;1
11.03.2019 04:00;0;1
11.03.2019 05:00;0;1
11.03.2019 06:00;0;1
11.03.2019 07:00;0.063;1
11.03.2019 08:00;0.23;1
11.03.2019 09:00;0.403;1
11.03.2019 10:00;0.526;1
11.03.2019 11:00;0.597;1
11.03.2019 12:00;0.587;1
11.03.2019 13:00;0.513;1
11.03.2019 14:00;0.379;1
11.03.2019 15:00;0.23;1
11.03.2019 16:00;0.101;1
11.03.2019 17:00;0.005;1
11.03.2019 18:00;0;1
11.03.2019 19:00;0;1
11.03.2019 20:00;0;1
11.03.2019 21:00;0;1
11.03.2019 22:00;0;1
11.03.2019 23:00;0;1
12.03.2019 00:00;0;1
12.03.2019 01:00;0;1
12.03.2019 02:00;0;1
12.03.2019 03:00;0;1
12.03.2019 04:00;0;1
12.03.2019 05:00;0;1
12.03.2019 06:00;0;1
12.03.2019 07:00;0.063;1
12.03.2019 08:00;0.148;1
12.03.2019 09:00;0.379;1
12.03.2019 10:00;0.365;1
12.03.2019 11:00;0.265;1
12.03.2019 12:00;0.238;1
12.03.2019 13:00;0.188;1
12.03.2019 14:00;0.109;1
12.03.2019 15:00;0.042;1
12.03.2019 16:00;0.009;1
12.03.2019 17:00;0;1
12.03.2019 18:00;0;1
12.03.2019 19:00;0;1
12.03.2019 20:00;0;1
12.03.2019 21:00;0;1
12.03.2019 22:00;0;1
12.03.2019 23:00;0;1
13.03.2019 00:00;0;1
13.03.2019 01:00;0;1
13.03.2019 02:00;0;1
13.03.2019 03:00;0;1
13.03.2019 04:00;0;1
13.03.2019 05:00;0;1
13.03.2019 06:00;0;1
13.03.2019 07:00;0;1
13.03.2019 08:00;0.02;1
13.03.2019 09:00;0.048;1
13.03.2019 10:00;0.078;1
13.03.2019 11:00;0.096;1
13.03.2019 12:00;0.101;1
13.03.2019 13:00;0.105;1
13.03.2019 14:00;0.112;1
13.03.2019 15:00;0.096;1
13.03.2019 16:00;0.052;1
13.03.2019 17:00;0.003;1
13.03.2019 18:00;0;1
13.03.2019 19:00;0;1
13.03.2019 20:00;0;1
13.03.2019 21:00;0;1
13.03.2019 22:00;0;1
13.03.2019 23:00;0;1
14.03.2019 00:00;0;1
14.03.2019 01:00;0;1
14.03.2019 02:00;0;1
14.03.2019 03:00;0;1
14.03.2019 04:00;0;1
14.03.2019 05:00;0;1
14.03.2019 06:00;0;1
14.03.2019 07:00;0.091;1
14.03.2019 08:00;0.244;1
14.03.2019 09:00;0.379;1
14.03.2019 10:00;0.531;1
14.03.2019 11:00;0.63;1
14.03.2019 12:00;0.627;1
14.03.2019 13:00;0.603;1
14.03.2019 14:00;0.414;1
14.03.2019 15:00;0.22;1
14.03.2019 16:00;0.085;1
14.03.2019 17:00;0.006;1
14.03.2019 18:00;0;1
14.03.2019 19:00;0;1
14.03.2019 20:00;0;1
14.03.2019 21:00;0;1
14.03.2019 22:00;0;1
14.03.2019 23:00;0;1
15.03.2019 00:00;0;1
15.03.2019 01:00;0;1
15.03.2019 02:00;0;1
15.03.2019 03:00;0;1
15.03.2019 04:00;0;1
15.03.2019 05:00;0;1
15.03.2019 06:00;0;1
15.03.2019 07:00;0.029;1
15.03.2019 08:00;0.115;1
15.03.2019 09:00;0.218;1
15.03.2019 10:00;0.277;1
15.03.2019 11:00;0.284;1
15.03.2019 12:00;0.277;1
15.03.2019 13:00;0.23;1
15.03.2019 14:00;0.18;1
15.03.2019 15:00;0.115;1
15.03.2019 16:00;0.048;1
15.03.2019 17:00;0.004;1
15.03.2019 18:00;0;1
15.03.2019 19:00;0;1
15.03.2019 20:00;0;1
15.03.2019 21:00;0;1
15.03.2019 22:00;0;1
15.03.2019 23:00;0;1
16.03.2019 00:00;0;1
16.03.2019 01:00;0;1
16.03.2019 02:00;0;1
16.03.2019 03:00;0;1
16.03.2019 04:00;0;1
16.03.2019 05:00;0;1
16.03.2019 06:00;0;1
16.03.2019 07:00;0.127;1
16.03.2019 08:00;0.341;1
16.03.2019 09:00;0.522;1
16.03.2019 10:00;0.646;1
16.03.2019 11:00;0.71;1
16.03.2019 12:00;0.723;1
16.03.2019 13:00;0.674;1
16.03.2019 14:00;0.569;1
16.03.2019 15:00;0.366;1
16.03.2019 16:00;0.133;1
16.03.2019 17:00;0.015;1
16.03.2019 18:00;0;1
16.03.2019 19:00;0;1
16.03.2019 20:00;0;1
16.03.2019 21:00;0;1
16.03.2019 22:00;0;1
16.03.2019 23:00;0;1
17.03.2019 00:00;0;1
17.03.2019 01:00;0;1
17.03.2019 02:00;0;1
17.03.2019 03:00;0;1
17.03.2019 04:00;0;1
17.03.2019 05:00;0;1
17.03.2019 06:00;0;1
17.03.2019 07:00;0.007;1
17.03.2019 08:00;0.036;1
17.03.2019 09:00;0.07;1
17.03.2019 10:00;0.102;1
17.03.2019 11:00;0.109;1
17.03.2019 12:00;0.144;1
17.03.2019 13:00;0.148;1
17.03.2019 14:00;0.136;1
17.03.2019 15:00;0.071;1
17.03.2019 16:00;0.026;1
17.03.2019 17:00;0;1
17.03.2019 18:00;0;1
17.03.2019 19:00;0;1
17.03.2019 20:00;0;1
17.03.2019 21:00;0;1
17.03.2019 22:00;0;1
17.03.2019 23:00;0;1
18.03.2019 00:00;0;1
18.03.2019 01:00;0;1
18.03.2019 02:00;0;1
18.03.2019 03:00;0;1
18.03.2019 04:00;0;1
18.03.2019 05:00;0;1
18.03.2019 06:00;0;1
18.03.2019 07:00;0.131;1
18.03.2019 08:00;0.35;1
18.03.2019 09:00;0.523;1
18.03.2019 10:00;0.647;1
18.03.2019 11:00;0.703;1
18.03.2019 12:00;0.706;1
18.03.2019 13:00;0.64;1
18.03.2019 14:00;0.517;1
18.03.2019 15:00;0.359;1
18.03.2019 16:00;0.169;1
18.03.2019 17:00;0.03;1
18.03.2019 18:00;0;1
18.03.2019 19:00;0;1
18.03.2019 20:00;0;1
18.03.2019 21:00;0;1
18.03.2019 22:00;0;1
18.03.2019 23:00;0;1
19.03.2019 00:00;0;1
19.03.2019 01:00;0;1
19.03.2019 02:00;0;1
19.03.2019 03:00;0;1
19.03.2019 04:00;0;1
19.03.2019 05:00;0;1
19.03.2019 06:00;0.001;1
19.03.2019 07:00;0.143;1
19.03.2019 08:00;0.348;1
19.03.2019 09:00;0.524;1
19.03.2019 10:00;0.645;1
19.03.2019 11:00;0.709;1
19.03.2019 12:00;0.716;1
19.03.2019 13:00;0.684;1
19.03.2019 14:00;0.594;1
19.03.2019 15:00;0.437;1
19.03.2019 16:00;0.176;1
19.03.2019 17:00;0.023;1
19.03.2019 18:00;0;1
19.03.2019 19:00;0;1
19.03.2019 20:00;0;1
19.03.2019 21:00;0;1
19.03.2019 22:00;0;1
19.03.2019 23:00;0;1
20.03.2019 00:00;0;1
20.03.2019 01:00;0;1
20.03.2019 02:00;0;1
20.03.2019 03:00;0;1
20.03.2019 04:00;0;1
20.03.2019 05:00;0;1
20.03.2019 06:00;0;1
20.03.2019 07:00;0.105;1
20.03.2019 08:00;0.252;1
20.03.2019 09:00;0.387;1
20.03.2019 10:00;0.497;1
20.03.2019 11:00;0.538;1
20.03.2019 12:00;0.523;1
20.03.2019 13:00;0.522;1
20.03.2019 14:00;0.442;1
20.03.2019 15:00;0.343;1
20.03.2019 16:00;0.201;1
20.03.2019 17:00;0.031;1
20.03.2019 18:00;0;1
20.03.2019 19:00;0;1
20.03.2019 20:00;0;1
20.03.2019 21:00;0;1
20.03.2019 22:00;0;1
20.03.2019 23:00;0;1
21.03.2019 00:00;0;1
21.03.2019 01:00;0;1
21.03.2019 02:00;0;1
21.03.2019 03:00;0;1
21.03.2019 04:00;0;1
21.03.2019 05:00;0;1
21.03.2019 06:00;0;1
21.03.2019 07:00;0.024;1
21.03.2019 08:00;0.076;1
21.03.2019 09:00;0.154;1
21.03.2019 10:00;0.26;1
21.03.2019 11:00;0.37;1
21.03.2019 12:00;0.473;1
21.03.2019 13:00;0.539;1
21.03.2019 14:00;0.484;1
21.03.2019 15:00;0.371;1
21.03.2019 16:00;0.216;1
21.03.2019 17:00;0.058;1
21.03.2019 18:00;0;1
21.03.2019 19:00;0;1
21.03.2019 20:00;0;1
21.03.2019 21:00;0;1
21.03.2019 22:00;0;1
21.03.2019 23:00;0;1
22.03.2019 00:00;0;1
22.03.2019 01:00;0;1
22.03.2019 02:00;0;1
22.03.2019 03:00;0;1
22.03.2019 04:00;0;1
22.03.2019 05:00;0;1
22.03.2019 06:00;0.001;1
22.03.2019 07:00;0.078;1
22.03.2019 08:00;0.198;1
22.03.2019 09:00;0.197;1
22.03.2019 10:00;0.165;1
22.03.2019 11:00;0.244;1
22.03.2019 12:00;0.276;1
22.03.2019 13:00;0.151;1
22.03.2019 14:00;0.095;1
22.03.2019 15:00;0.064;1
22.03.2019 16:00;0.029;1
22.03.2019 17:00;0;1
22.03.2019 18:00;0;1
22.03.2019 19:00;0;1
22.03.2019 20:00;0;1
22.03.2019 21:00;0;1
22.03.2019 22:00;0;1
22.03.2019 23:00;0;1
23.03.2019 00:00;0;1
23.03.2019 01:00;0;1
23.03.2019 02:00;0;1
23.03.2019 03:00;0;1
23.03.2019 04:00;0;1
23.03.2019 05:00;0;1
23.03.2019 06:00;0.006;1
23.03.2019 07:00;0.126;1
23.03.2019 08:00;0.284;1
23.03.2019 09:00;0.403;1
23.03.2019 10:00;0.507;1
23.03.2019 11:00;0.554;1
23.03.2019 12:00;0.522;1
23.03.2019 13:00;0.431;1
23.03.2019 14:00;0.354;1
23.03.2019 15:00;0.242;1
23.03.2019 16:00;0.114;1
23.03.2019 17:00;0.022;1
23.03.2019 18:00;0;1
23.03.2019 19:00;0;1
23.03.2019 20:00;0;1
23.03.2019 21:00;0;1
23.03.2019 22:00;0;1
23.03.2019 23:00;0;1
24.03.2019 00:00;0;1
24.03.2019 01:00;0;1
24.03.2019 02:00;0;1
24.03.2019 03:00;0;1
24.03.2019 04:00;0;1
24.03.2019 05:00;0;1
24.03.2019 06:00;0.006;1
24.03.2019 07:00;0.091;1
24.03.2019 08:00;0.195;1
24.03.2019 09:00;0.281;1
24.03.2019 10:00;0.341;1
24.03.2019 11:00;0.413;1
24.03.2019 12:00;0.362;1
24.03.2019 13:00;0.276;1
24.03.2019 14:00;0.177;1
24.03.2019 15:00;0.087;1
24.03.2019 16:00;0.038;1
24.03.2019 17:00;0.005;1
24.03.2019 18:00;0;1
24.03.2019 19:00;0;1
24.03.2019 20:00;0;1
24.03.2019 21:00;0;1
24.03.2019 22:00;0;1
24.03.2019 23:00;0;1
25.03.2019 00:00;0;1
25.03.2019 01:00;0;1
25.03.2019 02:00;0;1
25.03.2019 03:00;0;1
25.03.2019 04:00;0;1
25.03.2019 05:00;0;1
25.03.2019 06:00;0.014;1
25.03.2019 07:00;0.196;1
25.03.2019 08:00;0.414;1
25.03.2019 09:00;0.588;1
25.03.2019 10:00;0.703;1
25.03.2019 11:00;0.763;1
25.03.2019 12:00;0.772;1
25.03.2019 13:00;0.729;1
25.03.2019 14:00;0.633;1
25.03.2019 15:00;0.473;1
25.03.2019 16:00;0.273;1
25.03.2019 17:00;0.08;1
25.03.2019 18:00;0;1
25.03.2019 19:00;0;1
25.03.2019 20:00;0;1
25.03.2019 21:00;0;1
25.03.2019 22:00;0;1
25.03.2019 23:00;0;1
26.03.2019 00:00;0;1
26.03.2019 01:00;0;1
26.03.2019 02:00;0;1
26.03.2019 03:00;0;1
26.03.2019 04:00;0;1
26.03.2019 05:00;0;1
26.03.2019 06:00;0.017;1
26.03.2019 07:00;0.175;1
26.03.2019 08:00;0.311;1
26.03.2019 09:00;0.381;1
26.03.2019 10:00;0.329;1
26.03.2019 11:00;0.294;1
26.03.2019 12:00;0.25;1
26.03.2019 13:00;0.171;1
26.03.2019 14:00;0.148;1
26.03.2019 15:00;0.117;1
26.03.2019 16:00;0.082;1
26.03.2019 17:00;0.034;1
26.03.2019 18:00;0;1
26.03.2019 19:00;0;1
26.03.2019 20:00;0;1
26.03.2019 21:00;0;1
26.03.2019 22:00;0;1
26.03.2019 23:00;0;1
27.03.2019 00:00;0;1
27.03.2019 01:00;0;1
27.03.2019 02:00;0;1
27.03.2019 03:00;0;1
27.03.2019 04:00;0;1
27.03.2019 05:00;0;1
27.03.2019 06:00;0.017;1
27.03.2019 07:00;0.19;1
27.03.2019 08:00;0.396;1
27.03.2019 09:00;0.561;1
27.03.2019 10:00;0.675;1
27.03.2019 11:00;0.735;1
27.03.2019 12:00;0.745;1
27.03.2019 13:00;0.708;1
27.03.2019 14:00;0.615;1
27.03.2019 15:00;0.438;1
27.03.2019 16:00;0.194;1
27.03.2019 17:00;0.058;1
27.03.2019 18:00;0;1
27.03.2019 19:00;0;1
27.03.2019 20:00;0;1
27.03.2019 21:00;0;1
27.03.2019 22:00;0;1
27.03.2019 23:00;0;1
28.03.2019 00:00;0;1
28.03.2019 01:00;0;1
28.03.2019 02:00;0;1
28.03.2019 03:00;0;1
28.03.2019 04:00;0;1
28.03.2019 05:00;0;1
28.03.2019 06:00;0.009;1
28.03.2019 07:00;0.03;1
28.03.2019 08:00;0.074;1
28.03.2019 09:00;0.237;1
28.03.2019 10:00;0.293;1
28.03.2019 11:00;0.371;1
28.03.2019 12:00;0.378;1
28.03.2019 13:00;0.323;1
28.03.2019 14:00;0.339;1
28.03.2019 15:00;0.315;1
28.03.2019 16:00;0.167;1
28.03.2019 17:00;0.022;1
28.03.2019 18:00;0;1
28.03.2019 19:00;0;1
28.03.2019 20:00;0;1
28.03.2019 21:00;0;1
28.03.2019 22:00;0;1
28.03.2019 23:00;0;1
29.03.2019 00:00;0;1
29.03.2019 01:00;0;1
29.03.2019 02:00;0;1
29.03.2019 03:00;0;1
29.03.2019 04:00;0;1
29.03.2019 05:00;0;1
29.03.2019 06:00;0.005;1
29.03.2019 07:00;0.053;1
29.03.2019 08:00;0.095;1
29.03.2019 09:00;0.163;1
29.03.2019 10:00;0.287;1
29.03.2019 11:00;0.449;1
29.03.2019 12:00;0.544;1
29.03.2019 13:00;0.54;1
29.03.2019 14:00;0.486;1
29.03.2019 15:00;0.382;1
29.03.2019 16:00;0.223;1
29.03.2019 17:00;0.072;1
29.03.2019 18:00;0;1
29.03.2019 19:00;0;1
29.03.2019 20:00;0;1
29.03.2019 21:00;0;1
29.03.2019 22:00;0;1
29.03.2019 23:00;0;1
30.03.2019 00:00;0;1
30.03.2019 01:00;0;1
30.03.2019 02:00;0;1
30.03.2019 03:00;0;1
30.03.2019 04:00;0;1
30.03.2019 05:00;0;1
30.03.2019 06:00;0.006;1
30.03.2019 07:00;0.048;1
30.03.2019 08:00;0.092;1
30.03.2019 09:00;0.115;1
30.03.2019 10:00;0.13;1
30.03.2019 11:00;0.139;1
30.03.2019 12:00;0.137;1
30.03.2019 13:00;0.123;1
30.03.2019 14:00;0.116;1
30.03.2019 15:00;0.159;1
30.03.2019 16:00;0.162;1
30.03.2019 17:00;0.059;1
30.03.2019 18:00;0;1
30.03.2019 19:00;0;1
30.03.2019 20:00;0;1
30.03.2019 21:00;0;1
30.03.2019 22:00;0;1
30.03.2019 23:00;0;1
31.03.2019 00:00;0;1
31.03.2019 01:00;0;1
31.03.2019 03:00;0;1
31.03.2019 04:00;0;1
31.03.2019 05:00;0;1
31.03.2019 06:00;0;1
31.03.2019 07:00;0.031;1
31.03.2019 08:00;0.173;1
31.03.2019 09:00;0.327;1
31.03.2019 10:00;0.462;1
31.03.2019 11:00;0.552;1
31.03.2019 12:00;0.602;1
31.03.2019 13:00;0.584;1
31.03.2019 14:00;0.478;1
31.03.2019 15:00;0.421;1
31.03.2019 16:00;0.341;1
31.03.2019 17:00;0.21;1
31.03.2019 18:00;0.076;1
31.03.2019 19:00;0;1
31.03.2019 20:00;0;1
31.03.2019 21:00;0;1
31.03.2019 22:00;0;1
31.03.2019 23:00;0;1
01.04.2019 00:00;0;1
01.04.2019 01:00;0;1
01.04.2019 02:00;0;1
01.04.2019 03:00;0;1
01.04.2019 04:00;0;1
01.04.2019 05:00;0;1
01.04.2019 06:00;0;1
01.04.2019 07:00;0.04;1
01.04.2019 08:00;0.217;1
01.04.2019 09:00;0.351;1
01.04.2019 10:00;0.361;1
01.04.2019 11:00;0.357;1
01.04.2019 12:00;0.396;1
01.04.2019 13:00;0.435;1
01.04.2019 14:00;0.531;1
01.04.2019 15:00;0.541;1
01.04.2019 16:00;0.373;1
01.04.2019 17:00;0.176;1
01.04.2019 18:00;0.06;1
01.04.2019 19:00;0;1
01.04.2019 20:00;0;1
01.04.2019 21:00;0;1
01.04.2019 22:00;0;1
01.04.2019 23:00;0;1
02.04.2019 00:00;0;1
02.04.2019 01:00;0;1
02.04.2019 02:00;0;1
02.04.2019 03:00;0;1
02.04.2019 04:00;0;1
02.04.2019 05:00;0;1
02.04.2019 06:00;0;1
02.04.2019 07:00;0.014;1
02.04.2019 08:00;0.063;1
02.04.2019 09:00;0.091;1
02.04.2019 10:00;0.135;1
02.04.2019 11:00;0.292;1
02.04.2019 12:00;0.449;1
02.04.2019 13:00;0.498;1
02.04.2019 14:00;0.517;1
02.04.2019 15:00;0.517;1
02.04.2019 16:00;0.416;1
02.04.2019 17:00;0.219;1
02.04.2019 18:00;0.065;1
02.04.2019 19:00;0.001;1
02.04.2019 20:00;0;1
02.04.2019 21:00;0;1
02.04.2019 22:00;0;1
02.04.2019 23:00;0;1
03.04.2019 00:00;0;1
03.04.2019 01:00;0;1
03.04.2019 02:00;0;1
03.04.2019 03:00;0;1
03.04.2019 04:00;0;1
03.04.2019 05:00;0;1
03.04.2019 06:00;0;1
03.04.2019 07:00;0.033;1
03.04.2019 08:00;0.151;1
03.04.2019 09:00;0.27;1
03.04.2019 10:00;0.322;1
03.04.2019 11:00;0.402;1
03.04.2019 12:00;0.532;1
03.04.2019 13:00;0.612;1
03.04.2019 14:00;0.611;1
03.04.2019 15:00;0.522;1
03.04.2019 16:00;0.336;1
03.04.2019 17:00;0.148;1
03.04.2019 18:00;0.041;1
03.04.2019 19:00;0;1
03.04.2019 20:00;0;1
03.04.2019 21:00;0;1
03.04.2019 22:00;0;1
03.04.2019 23:00;0;1
04.04.2019 00:00;0;1
04.04.2019 01:00;0;1
04.04.2019 02:00;0;1
04.04.2019 03:00;0;1
04.04.2019 04:00;0;1
04.04.2019 05:00;0;1
04.04.2019 06:00;0;1
04.04.2019 07:00;0.015;1
04.04.2019 08:00;0.07;1
04.04.2019 09:00;0.17;1
04.04.2019 10:00;0.333;1
04.04.2019 11:00;0.553;1
04.04.2019 12:00;0.632;1
04.04.2019 13:00;0.637;1
04.04.2019 14:00;0.588;1
04.04.2019 15:00;0.493;1
04.04.2019 16:00;0.378;1
04.04.2019 17:00;0.227;1
04.04.2019 18:00;0.087;1
04.04.2019 19:00;0.003;1
04.04.2019 20:00;0;1
04.04.2019 21:00;0;1
04.04.2019 22:00;0;1
04.04.2019 23:00;0;1
05.04.2019 00:00;0;1
05.04.2019 01:00;0;1
05.04.2019 02:00;0;1
05.04.2019 03:00;0;1
05.04.2019 04:00;0;1
05.04.2019 05:00;0;1
05.04.2019 06:00;0;1
05.04.2019 07:00;0.022;1
05.04.2019 08:00;0.099;1
05.04.2019 09:00;0.192;1
05.04.2019 10:00;0.28;1
05.04.2019 11:00;0.264;1
05.04.2019 12:00;0.227;1
05.04.2019 13:00;0.209;1
05.04.2019 14:00;0.179;1
05.04.2019 15:00;0.164;1
05.04.2019 16:00;0.124;1
05.04.2019 17:00;0.074;1
05.04.2019 18:00;0.03;1
05.04.2019 19:00;0;1
05.04.2019 20:00;0;1
05.04.2019 21:00;0;1
05.04.2019 22:00;0;1
05.04.2019 23:00;0;1
06.04.2019 00:00;0;1
06.04.2019 01:00;0;1
06.04.2019 02:00;0;1
06.04.2019 03:00;0;1
06.04.2019 04:00;0;1
06.04.2019 05:00;0;1
06.04.2019 06:00;0;1
06.04.2019 07:00;0.013;1
06.04.2019 08:00;0.049;1
06.04.2019 09:00;0.095;1
06.04.2019 10:00;0.141;1
06.04.2019 11:00;0.195;1
06.04.2019 12:00;0.307;1
06.04.2019 13:00;0.52;1
06.04.2019 14:00;0.536;1
06.04.2019 15:00;0.494;1
06.04.2019 16:00;0.402;1
06.04.2019 17:00;0.257;1
06.04.2019 18:00;0.106;1
06.04.2019 19:00;0.009;1
06.04.2019 20:00;0;1
06.04.2019 21:00;0;1
06.04.2019 22:00;0;1
06.04.2019 23:00;0;1
07.04.2019 00:00;0;1
07.04.2019 01:00;0;1
07.04.2019 02:00;0;1
07.04.2019 03:00;0;1
07.04.2019 04:00;0;1
07.04.2019 05:00;0;1
07.04.2019 06:00;0;1
07.04.2019 07:00;0.059;1
07.04.2019 08:00;0.236;1
07.04.2019 09:00;0.421;1
07.04.2019 10:00;0.573;1
07.04.2019 11:00;0.675;1
07.04.2019 12:00;0.711;1
07.04.2019 13:00;0.719;1
07.04.2019 14:00;0.64;1
07.04.2019 15:00;0.508;1
07.04.2019 16:00;0.389;1
07.04.2019 17:00;0.279;1
07.04.2019 18:00;0.104;1
07.04.2019 19:00;0.01;1
07.04.2019 20:00;0;1
07.04.2019 21:00;0;1
07.04.2019 22:00;0;1
07.04.2019 23:00;0;1
08.04.2019 00:00;0;1
08.04.2019 01:00;0;1
08.04.2019 02:00;0;1
08.04.2019 03:00;0;1
08.04.2019 04:00;0;1
08.04.2019 05:00;0;1
08.04.2019 06:00;0;1
08.04.2019 07:00;0.063;1
08.04.2019 08:00;0.256;1
08.04.2019 09:00;0.461;1
08.04.2019 10:00;0.624;1
08.04.2019 11:00;0.736;1
08.04.2019 12:00;0.794;1
08.04.2019 13:00;0.803;1
08.04.2019 14:00;0.765;1
08.04.2019 15:00;0.679;1
08.04.2019 16:00;0.544;1
08.04.2019 17:00;0.361;1
08.04.2019 18:00;0.155;1
08.04.2019 19:00;0.012;1
08.04.2019 20:00;0;1
08.04.2019 21:00;0;1
08.04.2019 22:00;0;1
08.04.2019 23:00;0;1
09.04.2019 00:00;0;1
09.04.2019 01:00;0;1
09.04.2019 02:00;0;1
09.04.2019 03:00;0;1
09.04.2019 04:00;0;1
09.04.2019 05:00;0;1
09.04.2019 06:00;0;1
09.04.2019 07:00;0.071;1
09.04.2019 08:00;0.266;1
09.04.2019 09:00;0.462;1
09.04.2019 10:00;0.618;1
09.04.2019 11:00;0.723;1
09.04.2019 12:00;0.778;1
09.04.2019 13:00;0.784;1
09.04.2019 14:00;0.724;1
09.04.2019 15:00;0.634;1
09.04.2019 16:00;0.525;1
09.04.2019 17:00;0.358;1
09.04.2019 18:00;0.159;1
09.04.2019 19:00;0.014;1
09.04.2019 20:00;0;1
09.04.2019 21:00;0;1
09.04.2019 22:00;0;1
09.04.2019 23:00;0;1
10.04.2019 00:00;0;1
10.04.2019 01:00;0;1
10.04.2019 02:00;0;1
10.04.2019 03:00;0;1
10.04.2019 04:00;0;1
10.04.2019 05:00;0;1
10.04.2019 06:00;0;1
10.04.2019 07:00;0.049;1
10.04.2019 08:00;0.159;1
10.04.2019 09:00;0.269;1
10.04.2019 10:00;0.362;1
10.04.2019 11:00;0.424;1
10.04.2019 12:00;0.443;1
10.04.2019 13:00;0.477;1
10.04.2019 14:00;0.41;1
10.04.2019 15:00;0.343;1
10.04.2019 16:00;0.253;1
10.04.2019 17:00;0.167;1
10.04.2019 18:00;0.094;1
10.04.2019 19:00;0.016;1
10.04.2019 20:00;0;1
10.04.2019 21:00;0;1
10.04.2019 22:00;0;1
10.04.2019 23:00;0;1
11.04.2019 00:00;0;1
11.04.2019 01:00;0;1
11.04.2019 02:00;0;1
11.04.2019 03:00;0;1
11.04.2019 04:00;0;1
11.04.2019 05:00;0;1
11.04.2019 06:00;0;1
11.04.2019 07:00;0.065;1
11.04.2019 08:00;0.246;1
11.04.2019 09:00;0.441;1
11.04.2019 10:00;0.61;1
11.04.2019 11:00;0.725;1
11.04.2019 12:00;0.793;1
11.04.2019 13:00;0.803;1
11.04.2019 14:00;0.764;1
11.04.2019 15:00;0.674;1
11.04.2019 16:00;0.544;1
11.04.2019 17:00;0.366;1
11.04.2019 18:00;0.166;1
11.04.2019 19:00;0.017;1
11.04.2019 20:00;0;1
11.04.2019 21:00;0;1
11.04.2019 22:00;0;1
11.04.2019 23:00;0;1
12.04.2019 00:00;0;1
12.04.2019 01:00;0;1
12.04.2019 02:00;0;1
12.04.2019 03:00;0;1
12.04.2019 04:00;0;1
12.04.2019 05:00;0;1
12.04.2019 06:00;0;1
12.04.2019 07:00;0.083;1
12.04.2019 08:00;0.285;1
12.04.2019 09:00;0.48;1
12.04.2019 10:00;0.633;1
12.04.2019 11:00;0.737;1
12.04.2019 12:00;0.792;1
12.04.2019 13:00;0.8;1
12.04.2019 14:00;0.762;1
12.04.2019 15:00;0.678;1
12.04.2019 16:00;0.548;1
12.04.2019 17:00;0.374;1
12.04.2019 18:00;0.176;1
12.04.2019 19:00;0.018;1
12.04.2019 20:00;0;1
12.04.2019 21:00;0;1
12.04.2019 22:00;0;1
12.04.2019 23:00;0;1
13.04.2019 00:00;0;1
13.04.2019 01:00;0;1
13.04.2019 02:00;0;1
13.04.2019 03:00;0;1
13.04.2019 04:00;0;1
13.04.2019 05:00;0;1
13.04.2019 06:00;0;1
13.04.2019 07:00;0.08;1
13.04.2019 08:00;0.261;1
13.04.2019 09:00;0.467;1
13.04.2019 10:00;0.622;1
13.04.2019 11:00;0.717;1
13.04.2019 12:00;0.778;1
13.04.2019 13:00;0.783;1
13.04.2019 14:00;0.738;1
13.04.2019 15:00;0.652;1
13.04.2019 16:00;0.508;1
13.04.2019 17:00;0.343;1
13.04.2019 18:00;0.158;1
13.04.2019 19:00;0.022;1
13.04.2019 20:00;0;1
13.04.2019 21:00;0;1
13.04.2019 22:00;0;1
13.04.2019 23:00;0;1
14.04.2019 00:00;0;1
14.04.2019 01:00;0;1
14.04.2019 02:00;0;1
14.04.2019 03:00;0;1
14.04.2019 04:00;0;1
14.04.2019 05:00;0;1
14.04.2019 06:00;0.001;1
14.04.2019 07:00;0.076;1
14.04.2019 08:00;0.263;1
14.04.2019 09:00;0.46;1
14.04.2019 10:00;0.615;1
14.04.2019 11:00;0.71;1
14.04.2019 12:00;0.765;1
14.04.2019 13:00;0.765;1
14.04.2019 14:00;0.728;1
14.04.2019 15:00;0.647;1
14.04.2019 16:00;0.522;1
14.04.2019 17:00;0.354;1
14.04.2019 18:00;0.17;1
14.04.2019 19:00;0.023;1
14.04.2019 20:00;0;1
14.04.2019 21:00;0;1
14.04.2019 22:00;0;1
14.04.2019 23:00;0;1
15.04.2019 00:00;0;1
15.04.2019 01:00;0;1
15.04.2019 02:00;0;1
15.04.2019 03:00;0;1
15.04.2019 04:00;0;1
15.04.2019 05:00;0;1
15.04.2019 06:00;0.001;1
15.04.2019 07:00;0.091;1
15.04.2019 08:00;0.281;1
15.04.2019 09:00;0.473;1
15.04.2019 10:00;0.62;1
15.04.2019 11:00;0.721;1
15.04.2019 12:00;0.773;1
15.04.2019 13:00;0.778;1
15.04.2019 14:00;0.736;1
15.04.2019 15:00;0.649;1
15.04.2019 16:00;0.518;1
15.04.2019 17:00;0.354;1
15.04.2019 18:00;0.171;1
15.04.2019 19:00;0.024;1
15.04.2019 20:00;0;1
15.04.2019 21:00;0;1
15.04.2019 22:00;0;1
15.04.2019 23:00;0;1
16.04.2019 00:00;0;1
16.04.2019 01:00;0;1
16.04.2019 02:00;0;1
16.04.2019 03:00;0;1
16.04.2019 04:00;0;1
16.04.2019 05:00;0;1
16.04.2019 06:00;0.004;1
16.04.2019 07:00;0.093;1
16.04.2019 08:00;0.279;1
16.04.2019 09:00;0.463;1
16.04.2019 10:00;0.606;1
16.04.2019 11:00;0.695;1
16.04.2019 12:00;0.746;1
16.04.2019 13:00;0.749;1
16.04.2019 14:00;0.706;1
16.04.2019 15:00;0.586;1
16.04.2019 16:00;0.494;1
16.04.2019 17:00;0.332;1
16.04.2019 18:00;0.134;1
16.04.2019 19:00;0.026;1
16.04.2019 20:00;0;1
16.04.2019 21:00;0;1
16.04.2019 22:00;0;1
16.04.2019 23:00;0;1
17.04.2019 00:00;0;1
17.04.2019 01:00;0;1
17.04.2019 02:00;0;1
17.04.2019 03:00;0;1
17.04.2019 04:00;0;1
17.04.2019 05:00;0;1
17.04.2019 06:00;0.005;1
17.04.2019 07:00;0.055;1
17.04.2019 08:00;0.181;1
17.04.2019 09:00;0.402;1
17.04.2019 10:00;0.559;1
17.04.2019 11:00;0.663;1
17.04.2019 12:00;0.718;1
17.04.2019 13:00;0.729;1
17.04.2019 14:00;0.686;1
17.04.2019 15:00;0.607;1
17.04.2019 16:00;0.478;1
17.04.2019 17:00;0.319;1
17.04.2019 18:00;0.156;1
17.04.2019 19:00;0.031;1
17.04.2019 20:00;0;1
17.04.2019 21:00;0;1
17.04.2019 22:00;0;1
17.04.2019 23:00;0;1
18.04.2019 00:00;0;1
18.04.2019 01:00;0;1
18.04.2019 02:00;0;1
18.04.2019 03:00;0;1
18.04.2019 04:00;0;1
18.04.2019 05:00;0;1
18.04.2019 06:00;0.007;1
18.04.2019 07:00;0.098;1
18.04.2019 08:00;0.275;1
18.04.2019 09:00;0.446;1
18.04.2019 10:00;0.584;1
18.04.2019 11:00;0.69;1
18.04.2019 12:00;0.75;1
18.04.2019 13:00;0.759;1
18.04.2019 14:00;0.718;1
18.04.2019 15:00;0.638;1
18.04.2019 16:00;0.52;1
18.04.2019 17:00;0.364;1
18.04.2019 18:00;0.183;1
18.04.2019 19:00;0.029;1
18.04.2019 20:00;0;1
18.04.2019 21:00;0;1
18.04.2019 22:00;0;1
18.04.2019 23:00;0;1
19.04.2019 00:00;0;1
19.04.2019 01:00;0;1
19.04.2019 02:00;0;1
19.04.2019 03:00;0;1
19.04.2019 04:00;0;1
19.04.2019 05:00;0;1
19.04.2019 06:00;0.008;1
19.04.2019 07:00;0.067;1
19.04.2019 08:00;0.148;1
19.04.2019 09:00;0.22;1
19.04.2019 10:00;0.26;1
19.04.2019 11:00;0.281;1
19.04.2019 12:00;0.303;1
19.04.2019 13:00;0.31;1
19.04.2019 14:00;0.296;1
19.04.2019 15:00;0.256;1
19.04.2019 16:00;0.198;1
19.04.2019 17:00;0.137;1
19.04.2019 18:00;0.071;1
19.04.2019 19:00;0.019;1
19.04.2019 20:00;0;1
19.04.2019 21:00;0;1
19.04.2019 22:00;0;1
19.04.2019 23:00;0;1
20.04.2019 00:00;0;1
20.04.2019 01:00;0;1
20.04.2019 02:00;0;1
20.04.2019 03:00;0;1
20.04.2019 04:00;0;1
20.04.2019 05:00;0;1
20.04.2019 06:00;0.01;1
20.04.2019 07:00;0.098;1
20.04.2019 08:00;0.277;1
20.04.2019 09:00;0.458;1
20.04.2019 10:00;0.605;1
20.04.2019 11:00;0.702;1
20.04.2019 12:00;0.752;1
20.04.2019 13:00;0.755;1
20.04.2019 14:00;0.709;1
20.04.2019 15:00;0.621;1
20.04.2019 16:00;0.501;1
20.04.2019 17:00;0.34;1
20.04.2019 18:00;0.151;1
20.04.2019 19:00;0.033;1
20.04.2019 20:00;0;1
20.04.2019 21:00;0;1
20.04.2019 22:00;0;1
20.04.2019 23:00;0;1
21.04.2019 00:00;0;1
21.04.2019 01:00;0;1
21.04.2019 02:00;0;1
21.04.2019 03:00;0;1
21.04.2019 04:00;0;1
21.04.2019 05:00;0;1
21.04.2019 06:00;0;1
21.04.2019 07:00;0.029;1
21.04.2019 08:00;0.069;1
21.04.2019 09:00;0.112;1
21.04.2019 10:00;0.164;1
21.04.2019 11:00;0.21;1
21.04.2019 12:00;0.223;1
21.04.2019 13:00;0.246;1
21.04.2019 14:00;0.281;1
21.04.2019 15:00;0.383;1
21.04.2019 16:00;0.391;1
21.04.2019 17:00;0.27;1
21.04.2019 18:00;0.111;1
21.04.2019 19:00;0.029;1
21.04.2019 20:00;0;1
21.04.2019 21:00;0;1
21.04.2019 22:00;0;1
21.04.2019 23:00;0;1
22.04.2019 00:00;0;1
22.04.2019 01:00;0;1
22.04.2019 02:00;0;1
22.04.2019 03:00;0;1
22.04.2019 04:00;0;1
22.04.2019 05:00;0;1
22.04.2019 06:00;0.009;1
22.04.2019 07:00;0.074;1
22.04.2019 08:00;0.22;1
22.04.2019 09:00;0.401;1
22.04.2019 10:00;0.549;1
22.04.2019 11:00;0.641;1
22.04.2019 12:00;0.702;1
22.04.2019 13:00;0.725;1
22.04.2019 14:00;0.697;1
22.04.2019 15:00;0.629;1
22.04.2019 16:00;0.518;1
22.04.2019 17:00;0.366;1
22.04.2019 18:00;0.189;1
22.04.2019 19:00;0.038;1
22.04.2019 20:00;0;1
22.04.2019 21:00;0;1
22.04.2019 22:00;0;1
22.04.2019 23:00;0;1
23.04.2019 00:00;0;1
23.04.2019 01:00;0;1
23.04.2019 02:00;0;1
23.04.2019 03:00;0;1
23.04.2019 04:00;0;1
23.04.2019 05:00;0;1
23.04.2019 06:00;0.015;1
23.04.2019 07:00;0.081;1
23.04.2019 08:00;0.201;1
23.04.2019 09:00;0.451;1
23.04.2019 10:00;0.589;1
23.04.2019 11:00;0.683;1
23.04.2019 12:00;0.735;1
23.04.2019 13:00;0.743;1
23.04.2019 14:00;0.7;1
23.04.2019 15:00;0.622;1
23.04.2019 16:00;0.501;1
23.04.2019 17:00;0.352;1
23.04.2019 18:00;0.183;1
23.04.2019 19:00;0.041;1
23.04.2019 20:00;0;1
23.04.2019 21:00;0;1
23.04.2019 22:00;0;1
23.04.2019 23:00;0;1
24.04.2019 00:00;0;1
24.04.2019 01:00;0;1
24.04.2019 02:00;0;1
24.04.2019 03:00;0;1
24.04.2019 04:00;0;1
24.04.2019 05:00;0;1
24.04.2019 06:00;0.015;1
24.04.2019 07:00;0.113;1
24.04.2019 08:00;0.286;1
24.04.2019 09:00;0.451;1
24.04.2019 10:00;0.581;1
24.04.2019 11:00;0.648;1
24.04.2019 12:00;0.699;1
24.04.2019 13:00;0.706;1
24.04.2019 14:00;0.661;1
24.04.2019 15:00;0.58;1
24.04.2019 16:00;0.456;1
24.04.2019 17:00;0.302;1
24.04.2019 18:00;0.142;1
24.04.2019 19:00;0.042;1
24.04.2019 20:00;0;1
24.04.2019 21:00;0;1
24.04.2019 22:00;0;1
24.04.2019 23:00;0;1
25.04.2019 00:00;0;1
25.04.2019 01:00;0;1
25.04.2019 02:00;0;1
25.04.2019 03:00;0;1
25.04.2019 04:00;0;1
25.04.2019 05:00;0;1
25.04.2019 06:00;0.001;1
25.04.2019 07:00;0.022;1
25.04.2019 08:00;0.062;1
25.04.2019 09:00;0.121;1
25.04.2019 10:00;0.195;1
25.04.2019 11:00;0.287;1
25.04.2019 12:00;0.371;1
25.04.2019 13:00;0.445;1
25.04.2019 14:00;0.427;1
25.04.2019 15:00;0.326;1
25.04.2019 16:00;0.223;1
25.04.2019 17:00;0.142;1
25.04.2019 18:00;0.068;1
25.04.2019 19:00;0.019;1
25.04.2019 20:00;0;1
25.04.2019 21:00;0;1
25.04.2019 22:00;0;1
25.04.2019 23:00;0;1
26.04.2019 00:00;0;1
26.04.2019 01:00;0;1
26.04.2019 02:00;0;1
26.04.2019 03:00;0;1
26.04.2019 04:00;0;1
26.04.2019 05:00;0;1
26.04.2019 06:00;0.004;1
26.04.2019 07:00;0.035;1
26.04.2019 08:00;0.072;1
26.04.2019 09:00;0.126;1
26.04.2019 10:00;0.205;1
26.04.2019 11:00;0.266;1
26.04.2019 12:00;0.365;1
26.04.2019 13:00;0.446;1
26.04.2019 14:00;0.42;1
26.04.2019 15:00;0.321;1
26.04.2019 16:00;0.202;1
26.04.2019 17:00;0.19;1
26.04.2019 18:00;0.128;1
26.04.2019 19:00;0.046;1
26.04.2019 20:00;0.001;1
26.04.2019 21:00;0;1
26.04.2019 22:00;0;1
26.04.2019 23:00;0;1
27.04.2019 00:00;0;1
27.04.2019 01:00;0;1
27.04.2019 02:00;0;1
27.04.2019 03:00;0;1
27.04.2019 04:00;0;1
27.04.2019 05:00;0;1
27.04.2019 06:00;0.009;1
27.04.2019 07:00;0.054;1
27.04.2019 08:00;0.107;1
27.04.2019 09:00;0.112;1
27.04.2019 10:00;0.109;1
27.04.2019 11:00;0.143;1
27.04.2019 12:00;0.193;1
27.04.2019 13:00;0.232;1
27.04.2019 14:00;0.245;1
27.04.2019 15:00;0.2;1
27.04.2019 16:00;0.122;1
27.04.2019 17:00;0.064;1
27.04.2019 18:00;0.031;1
27.04.2019 19:00;0.013;1
27.04.2019 20:00;0;1
27.04.2019 21:00;0;1
27.04.2019 22:00;0;1
27.04.2019 23:00;0;1
28.04.2019 00:00;0;1
28.04.2019 01:00;0;1
28.04.2019 02:00;0;1
28.04.2019 03:00;0;1
28.04.2019 04:00;0;1
28.04.2019 05:00;0;1
28.04.2019 06:00;0.007;1
28.04.2019 07:00;0.048;1
28.04.2019 08:00;0.123;1
28.04.2019 09:00;0.24;1
28.04.2019 10:00;0.424;1
28.04.2019 11:00;0.572;1
28.04.2019 12:00;0.618;1
28.04.2019 13:00;0.636;1
28.04.2019 14:00;0.608;1
28.04.2019 15:00;0.532;1
28.04.2019 16:00;0.413;1
28.04.2019 17:00;0.273;1
28.04.2019 18:00;0.144;1
28.04.2019 19:00;0.049;1
28.04.2019 20:00;0.004;1
28.04.2019 21:00;0;1
28.04.2019 22:00;0;1
28.04.2019 23:00;0;1
29.04.2019 00:00;0;1
29.04.2019 01:00;0;1
29.04.2019 02:00;0;1
29.04.2019 03:00;0;1
29.04.2019 04:00;0;1
29.04.2019 05:00;0;1
29.04.2019 06:00;0.024;1
29.04.2019 07:00;0.102;1
29.04.2019 08:00;0.25;1
29.04.2019 09:00;0.422;1
29.04.2019 10:00;0.562;1
29.04.2019 11:00;0.648;1
29.04.2019 12:00;0.693;1
29.04.2019 13:00;0.695;1
29.04.2019 14:00;0.662;1
29.04.2019 15:00;0.567;1
29.04.2019 16:00;0.442;1
29.04.2019 17:00;0.273;1
29.04.2019 18:00;0.158;1
29.04.2019 19:00;0.054;1
29.04.2019 20:00;0.005;1
29.04.2019 21:00;0;1
29.04.2019 22:00;0;1
29.04.2019 23:00;0;1
30.04.2019 00:00;0;1
30.04.2019 01:00;0;1
30.04.2019 02:00;0;1
30.04.2019 03:00;0;1
30.04.2019 04:00;0;1
30.04.2019 05:00;0;1
30.04.2019 06:00;0.013;1
30.04.2019 07:00;0.059;1
30.04.2019 08:00;0.146;1
30.04.2019 09:00;0.256;1
30.04.2019 10:00;0.324;1
30.04.2019 11:00;0.357;1
30.04.2019 12:00;0.362;1
30.04.2019 13:00;0.331;1
30.04.2019 14:00;0.284;1
30.04.2019 15:00;0.221;1
30.04.2019 16:00;0.155;1
30.04.2019 17:00;0.103;1
30.04.2019 18:00;0.064;1
30.04.2019 19:00;0.029;1
30.04.2019 20:00;0.005;1
30.04.2019 21:00;0;1
30.04.2019 22:00;0;1
30.04.2019 23:00;0;1
01.05.2019 00:00;0;1
01.05.2019 01:00;0;1
01.05.2019 02:00;0;1
01.05.2019 03:00;0;1
01.05.2019 04:00;0;1
01.05.2019 05:00;0;1
01.05.2019 06:00;0.026;1
01.05.2019 07:00;0.129;1
01.05.2019 08:00;0.287;1
01.05.2019 09:00;0.432;1
01.05.2019 10:00;0.531;1
01.05.2019 11:00;0.622;1
01.05.2019 12:00;0.589;1
01.05.2019 13:00;0.485;1
01.05.2019 14:00;0.287;1
01.05.2019 15:00;0.202;1
01.05.2019 16:00;0.124;1
01.05.2019 17:00;0.084;1
01.05.2019 18:00;0.06;1
01.05.2019 19:00;0.024;1
01.05.2019 20:00;0;1
01.05.2019 21:00;0;1
01.05.2019 22:00;0;1
01.05.2019 23:00;0;1
02.05.2019 00:00;0;1
02.05.2019 01:00;0;1
02.05.2019 02:00;0;1
02.05.2019 03:00;0;1
02.05.2019 04:00;0;1
02.05.2019 05:00;0;1
02.05.2019 06:00;0.026;1
02.05.2019 07:00;0.092;1
02.05.2019 08:00;0.201;1
02.05.2019 09:00;0.323;1
02.05.2019 10:00;0.423;1
02.05.2019 11:00;0.454;1
02.05.2019 12:00;0.395;1
02.05.2019 13:00;0.395;1
02.05.2019 14:00;0.374;1
02.05.2019 15:00;0.326;1
02.05.2019 16:00;0.271;1
02.05.2019 17:00;0.203;1
02.05.2019 18:00;0.121;1
02.05.2019 19:00;0.059;1
02.05.2019 20:00;0.011;1
02.05.2019 21:00;0;1
02.05.2019 22:00;0;1
02.05.2019 23:00;0;1
03.05.2019 00:00;0;1
03.05.2019 01:00;0;1
03.05.2019 02:00;0;1
03.05.2019 03:00;0;1
03.05.2019 04:00;0;1
03.05.2019 05:00;0;1
03.05.2019 06:00;0.035;1
03.05.2019 07:00;0.111;1
03.05.2019 08:00;0.175;1
03.05.2019 09:00;0.22;1
03.05.2019 10:00;0.26;1
03.05.2019 11:00;0.284;1
03.05.2019 12:00;0.324;1
03.05.2019 13:00;0.313;1
03.05.2019 14:00;0.296;1
03.05.2019 15:00;0.249;1
03.05.2019 16:00;0.234;1
03.05.2019 17:00;0.18;1
03.05.2019 18:00;0.13;1
03.05.2019 19:00;0.06;1
03.05.2019 20:00;0.011;1
03.05.2019 21:00;0;1
03.05.2019 22:00;0;1
03.05.2019 23:00;0;1
04.05.2019 00:00;0;1
04.05.2019 01:00;0;1
04.05.2019 02:00;0;1
04.05.2019 03:00;0;1
04.05.2019 04:00;0;1
04.05.2019 05:00;0;1
04.05.2019 06:00;0.036;1
04.05.2019 07:00;0.097;1
04.05.2019 08:00;0.136;1
04.05.2019 09:00;0.196;1
04.05.2019 10:00;0.234;1
04.05.2019 11:00;0.303;1
04.05.2019 12:00;0.317;1
04.05.2019 13:00;0.328;1
04.05.2019 14:00;0.328;1
04.05.2019 15:00;0.285;1
04.05.2019 16:00;0.242;1
04.05.2019 17:00;0.202;1
04.05.2019 18:00;0.136;1
04.05.2019 19:00;0.062;1
04.05.2019 20:00;0.013;1
04.05.2019 21:00;0;1
04.05.2019 22:00;0;1
04.05.2019 23:00;0;1
05.05.2019 00:00;0;1
05.05.2019 01:00;0;1
05.05.2019 02:00;0;1
05.05.2019 03:00;0;1
05.05.2019 04:00;0;1
05.05.2019 05:00;0;1
05.05.2019 06:00;0.026;1
05.05.2019 07:00;0.088;1
05.05.2019 08:00;0.182;1
05.05.2019 09:00;0.306;1
05.05.2019 10:00;0.42;1
05.05.2019 11:00;0.446;1
05.05.2019 12:00;0.371;1
05.05.2019 13:00;0.307;1
05.05.2019 14:00;0.276;1
05.05.2019 15:00;0.217;1
05.05.2019 16:00;0.143;1
05.05.2019 17:00;0.089;1
05.05.2019 18:00;0.051;1
05.05.2019 19:00;0.021;1
05.05.2019 20:00;0;1
05.05.2019 21:00;0;1
05.05.2019 22:00;0;1
05.05.2019 23:00;0;1
06.05.2019 00:00;0;1
06.05.2019 01:00;0;1
06.05.2019 02:00;0;1
06.05.2019 03:00;0;1
06.05.2019 04:00;0;1
06.05.2019 05:00;0;1
06.05.2019 06:00;0.004;1
06.05.2019 07:00;0.024;1
06.05.2019 08:00;0.049;1
06.05.2019 09:00;0.078;1
06.05.2019 10:00;0.109;1
06.05.2019 11:00;0.127;1
06.05.2019 12:00;0.145;1
06.05.2019 13:00;0.148;1
06.05.2019 14:00;0.128;1
06.05.2019 15:00;0.114;1
06.05.2019 16:00;0.092;1
06.05.2019 17:00;0.073;1
06.05.2019 18:00;0.047;1
06.05.2019 19:00;0.021;1
06.05.2019 20:00;0.001;1
06.05.2019 21:00;0;1
06.05.2019 22:00;0;1
06.05.2019 23:00;0;1
07.05.2019 00:00;0;1
07.05.2019 01:00;0;1
07.05.2019 02:00;0;1
07.05.2019 03:00;0;1
07.05.2019 04:00;0;1
07.05.2019 05:00;0;1
07.05.2019 06:00;0.026;1
07.05.2019 07:00;0.099;1
07.05.2019 08:00;0.234;1
07.05.2019 09:00;0.372;1
07.05.2019 10:00;0.47;1
07.05.2019 11:00;0.52;1
07.05.2019 12:00;0.53;1
07.05.2019 13:00;0.437;1
07.05.2019 14:00;0.425;1
07.05.2019 15:00;0.365;1
07.05.2019 16:00;0.298;1
07.05.2019 17:00;0.199;1
07.05.2019 18:00;0.111;1
07.05.2019 19:00;0.047;1
07.05.2019 20:00;0.008;1
07.05.2019 21:00;0;1
07.05.2019 22:00;0;1
07.05.2019 23:00;0;1
08.05.2019 00:00;0;1
08.05.2019 01:00;0;1
08.05.2019 02:00;0;1
08.05.2019 03:00;0;1
08.05.2019 04:00;0;1
08.05.2019 05:00;0;1
08.05.2019 06:00;0.04;1
08.05.2019 07:00;0.128;1
08.05.2019 08:00;0.239;1
08.05.2019 09:00;0.351;1
08.05.2019 10:00;0.375;1
08.05.2019 11:00;0.368;1
08.05.2019 12:00;0.367;1
08.05.2019 13:00;0.377;1
08.05.2019 14:00;0.401;1
08.05.2019 15:00;0.349;1
08.05.2019 16:00;0.261;1
08.05.2019 17:00;0.193;1
08.05.2019 18:00;0.114;1
08.05.2019 19:00;0.055;1
08.05.2019 20:00;0.013;1
08.05.2019 21:00;0;1
08.05.2019 22:00;0;1
08.05.2019 23:00;0;1
09.05.2019 00:00;0;1
09.05.2019 01:00;0;1
09.05.2019 02:00;0;1
09.05.2019 03:00;0;1
09.05.2019 04:00;0;1
09.05.2019 05:00;0;1
09.05.2019 06:00;0.004;1
09.05.2019 07:00;0.03;1
09.05.2019 08:00;0.063;1
09.05.2019 09:00;0.074;1
09.05.2019 10:00;0.088;1
09.05.2019 11:00;0.127;1
09.05.2019 12:00;0.149;1
09.05.2019 13:00;0.137;1
09.05.2019 14:00;0.107;1
09.05.2019 15:00;0.075;1
09.05.2019 16:00;0.056;1
09.05.2019 17:00;0.037;1
09.05.2019 18:00;0.017;1
09.05.2019 19:00;0.003;1
09.05.2019 20:00;0;1
09.05.2019 21:00;0;1
09.05.2019 22:00;0;1
09.05.2019 23:00;0;1
10.05.2019 00:00;0;1
10.05.2019 01:00;0;1
10.05.2019 02:00;0;1
10.05.2019 03:00;0;1
10.05.2019 04:00;0;1
10.05.2019 05:00;0;1
10.05.2019 06:00;0.001;1
10.05.2019 07:00;0.017;1
10.05.2019 08:00;0.043;1
10.05.2019 09:00;0.087;1
10.05.2019 10:00;0.127;1
10.05.2019 11:00;0.144;1
10.05.2019 12:00;0.143;1
10.05.2019 13:00;0.138;1
10.05.2019 14:00;0.148;1
10.05.2019 15:00;0.144;1
10.05.2019 16:00;0.138;1
10.05.2019 17:00;0.097;1
10.05.2019 18:00;0.047;1
10.05.2019 19:00;0.017;1
10.05.2019 20:00;0;1
10.05.2019 21:00;0;1
10.05.2019 22:00;0;1
10.05.2019 23:00;0;1
11.05.2019 00:00;0;1
11.05.2019 01:00;0;1
11.05.2019 02:00;0;1
11.05.2019 03:00;0;1
11.05.2019 04:00;0;1
11.05.2019 05:00;0;1
11.05.2019 06:00;0.013;1
11.05.2019 07:00;0.041;1
11.05.2019 08:00;0.098;1
11.05.2019 09:00;0.195;1
11.05.2019 10:00;0.268;1
11.05.2019 11:00;0.369;1
11.05.2019 12:00;0.541;1
11.05.2019 13:00;0.543;1
11.05.2019 14:00;0.45;1
11.05.2019 15:00;0.297;1
11.05.2019 16:00;0.197;1
11.05.2019 17:00;0.149;1
11.05.2019 18:00;0.106;1
11.05.2019 19:00;0.059;1
11.05.2019 20:00;0.016;1
11.05.2019 21:00;0;1
11.05.2019 22:00;0;1
11.05.2019 23:00;0;1
12.05.2019 00:00;0;1
12.05.2019 01:00;0;1
12.05.2019 02:00;0;1
12.05.2019 03:00;0;1
12.05.2019 04:00;0;1
12.05.2019 05:00;0.002;1
12.05.2019 06:00;0.037;1
12.05.2019 07:00;0.099;1
12.05.2019 08:00;0.177;1
12.05.2019 09:00;0.289;1
12.05.2019 10:00;0.472;1
12.05.2019 11:00;0.622;1
12.05.2019 12:00;0.762;1
12.05.2019 13:00;0.776;1
12.05.2019 14:00;0.704;1
12.05.2019 15:00;0.622;1
12.05.2019 16:00;0.518;1
12.05.2019 17:00;0.348;1
12.05.2019 18:00;0.229;1
12.05.2019 19:00;0.081;1
12.05.2019 20:00;0.027;1
12.05.2019 21:00;0;1
12.05.2019 22:00;0;1
12.05.2019 23:00;0;1
13.05.2019 00:00;0;1
13.05.2019 01:00;0;1
13.05.2019 02:00;0;1
13.05.2019 03:00;0;1
13.05.2019 04:00;0;1
13.05.2019 05:00;0.005;1
13.05.2019 06:00;0.043;1
13.05.2019 07:00;0.135;1
13.05.2019 08:00;0.294;1
13.05.2019 09:00;0.426;1
13.05.2019 10:00;0.528;1
13.05.2019 11:00;0.635;1
13.05.2019 12:00;0.698;1
13.05.2019 13:00;0.709;1
13.05.2019 14:00;0.688;1
13.05.2019 15:00;0.646;1
13.05.2019 16:00;0.538;1
13.05.2019 17:00;0.41;1
13.05.2019 18:00;0.247;1
13.05.2019 19:00;0.075;1
13.05.2019 20:00;0.022;1
13.05.2019 21:00;0;1
13.05.2019 22:00;0;1
13.05.2019 23:00;0;1
14.05.2019 00:00;0;1
14.05.2019 01:00;0;1
14.05.2019 02:00;0;1
14.05.2019 03:00;0;1
14.05.2019 04:00;0;1
14.05.2019 05:00;0;1
14.05.2019 06:00;0.021;1
14.05.2019 07:00;0.074;1
14.05.2019 08:00;0.162;1
14.05.2019 09:00;0.329;1
14.05.2019 10:00;0.517;1
14.05.2019 11:00;0.645;1
14.05.2019 12:00;0.715;1
14.05.2019 13:00;0.744;1
14.05.2019 14:00;0.723;1
14.05.2019 15:00;0.657;1
14.05.2019 16:00;0.549;1
14.05.2019 17:00;0.4;1
14.05.2019 18:00;0.235;1
14.05.2019 19:00;0.078;1
14.05.2019 20:00;0.025;1
14.05.2019 21:00;0;1
14.05.2019 22:00;0;1
14.05.2019 23:00;0;1
15.05.2019 00:00;0;1
15.05.2019 01:00;0;1
15.05.2019 02:00;0;1
15.05.2019 03:00;0;1
15.05.2019 04:00;0;1
15.05.2019 05:00;0.009;1
15.05.2019 06:00;0.041;1
15.05.2019 07:00;0.163;1
15.05.2019 08:00;0.329;1
15.05.2019 09:00;0.483;1
15.05.2019 10:00;0.601;1
15.05.2019 11:00;0.682;1
15.05.2019 12:00;0.654;1
15.05.2019 13:00;0.631;1
15.05.2019 14:00;0.597;1
15.05.2019 15:00;0.529;1
15.05.2019 16:00;0.456;1
15.05.2019 17:00;0.319;1
15.05.2019 18:00;0.184;1
15.05.2019 19:00;0.079;1
15.05.2019 20:00;0.027;1
15.05.2019 21:00;0;1
15.05.2019 22:00;0;1
15.05.2019 23:00;0;1
16.05.2019 00:00;0;1
16.05.2019 01:00;0;1
16.05.2019 02:00;0;1
16.05.2019 03:00;0;1
16.05.2019 04:00;0;1
16.05.2019 05:00;0.011;1
16.05.2019 06:00;0.04;1
16.05.2019 07:00;0.153;1
16.05.2019 08:00;0.293;1
16.05.2019 09:00;0.434;1
16.05.2019 10:00;0.568;1
16.05.2019 11:00;0.668;1
16.05.2019 12:00;0.711;1
16.05.2019 13:00;0.717;1
16.05.2019 14:00;0.682;1
16.05.2019 15:00;0.601;1
16.05.2019 16:00;0.471;1
16.05.2019 17:00;0.299;1
16.05.2019 18:00;0.166;1
16.05.2019 19:00;0.073;1
16.05.2019 20:00;0.026;1
16.05.2019 21:00;0;1
16.05.2019 22:00;0;1
16.05.2019 23:00;0;1
17.05.2019 00:00;0;1
17.05.2019 01:00;0;1
17.05.2019 02:00;0;1
17.05.2019 03:00;0;1
17.05.2019 04:00;0;1
17.05.2019 05:00;0.012;1
17.05.2019 06:00;0.042;1
17.05.2019 07:00;0.164;1
17.05.2019 08:00;0.327;1
17.05.2019 09:00;0.479;1
17.05.2019 10:00;0.598;1
17.05.2019 11:00;0.673;1
17.05.2019 12:00;0.673;1
17.05.2019 13:00;0.581;1
17.05.2019 14:00;0.615;1
17.05.2019 15:00;0.614;1
17.05.2019 16:00;0.517;1
17.05.2019 17:00;0.379;1
17.05.2019 18:00;0.179;1
17.05.2019 19:00;0.065;1
17.05.2019 20:00;0.017;1
17.05.2019 21:00;0;1
17.05.2019 22:00;0;1
17.05.2019 23:00;0;1
18.05.2019 00:00;0;1
18.05.2019 01:00;0;1
18.05.2019 02:00;0;1
18.05.2019 03:00;0;1
18.05.2019 04:00;0;1
18.05.2019 05:00;0.006;1
18.05.2019 06:00;0.041;1
18.05.2019 07:00;0.052;1
18.05.2019 08:00;0.074;1
18.05.2019 09:00;0.193;1
18.05.2019 10:00;0.249;1
18.05.2019 11:00;0.249;1
18.05.2019 12:00;0.235;1
18.05.2019 13:00;0.153;1
18.05.2019 14:00;0.121;1
18.05.2019 15:00;0.092;1
18.05.2019 16:00;0.059;1
18.05.2019 17:00;0.042;1
18.05.2019 18:00;0.044;1
18.05.2019 19:00;0.026;1
18.05.2019 20:00;0.001;1
18.05.2019 21:00;0;1
18.05.2019 22:00;0;1
18.05.2019 23:00;0;1
19.05.2019 00:00;0;1
19.05.2019 01:00;0;1
19.05.2019 02:00;0;1
19.05.2019 03:00;0;1
19.05.2019 04:00;0;1
19.05.2019 05:00;0;1
19.05.2019 06:00;0.004;1
19.05.2019 07:00;0.026;1
19.05.2019 08:00;0.09;1
19.05.2019 09:00;0.123;1
19.05.2019 10:00;0.152;1
19.05.2019 11:00;0.181;1
19.05.2019 12:00;0.217;1
19.05.2019 13:00;0.325;1
19.05.2019 14:00;0.389;1
19.05.2019 15:00;0.413;1
19.05.2019 16:00;0.351;1
19.05.2019 17:00;0.268;1
19.05.2019 18:00;0.174;1
19.05.2019 19:00;0.094;1
19.05.2019 20:00;0.039;1
19.05.2019 21:00;0.001;1
19.05.2019 22:00;0;1
19.05.2019 23:00;0;1
20.05.2019 00:00;0;1
20.05.2019 01:00;0;1
20.05.2019 02:00;0;1
20.05.2019 03:00;0;1
20.05.2019 04:00;0;1
20.05.2019 05:00;0.01;1
20.05.2019 06:00;0.04;1
20.05.2019 07:00;0.108;1
20.05.2019 08:00;0.259;1
20.05.2019 09:00;0.417;1
20.05.2019 10:00;0.449;1
20.05.2019 11:00;0.401;1
20.05.2019 12:00;0.368;1
20.05.2019 13:00;0.26;1
20.05.2019 14:00;0.171;1
20.05.2019 15:00;0.125;1
20.05.2019 16:00;0.107;1
20.05.2019 17:00;0.069;1
20.05.2019 18:00;0.04;1
20.05.2019 19:00;0.021;1
20.05.2019 20:00;0.012;1
20.05.2019 21:00;0;1
20.05.2019 22:00;0;1
20.05.2019 23:00;0;1
21.05.2019 00:00;0;1
21.05.2019 01:00;0;1
21.05.2019 02:00;0;1
21.05.2019 03:00;0;1
21.05.2019 04:00;0;1
21.05.2019 05:00;0.013;1
21.05.2019 06:00;0.053;1
21.05.2019 07:00;0.127;1
21.05.2019 08:00;0.229;1
21.05.2019 09:00;0.303;1
21.05.2019 10:00;0.423;1
21.05.2019 11:00;0.607;1
21.05.2019 12:00;0.652;1
21.05.2019 13:00;0.626;1
21.05.2019 14:00;0.593;1
21.05.2019 15:00;0.516;1
21.05.2019 16:00;0.442;1
21.05.2019 17:00;0.314;1
21.05.2019 18:00;0.179;1
21.05.2019 19:00;0.07;1
21.05.2019 20:00;0.025;1
21.05.2019 21:00;0;1
21.05.2019 22:00;0;1
21.05.2019 23:00;0;1
22.05.2019 00:00;0;1
22.05.2019 01:00;0;1
22.05.2019 02:00;0;1
22.05.2019 03:00;0;1
22.05.2019 04:00;0;1
22.05.2019 05:00;0.003;1
22.05.2019 06:00;0.036;1
22.05.2019 07:00;0.063;1
22.05.2019 08:00;0.079;1
22.05.2019 09:00;0.111;1
22.05.2019 10:00;0.174;1
22.05.2019 11:00;0.239;1
22.05.2019 12:00;0.332;1
22.05.2019 13:00;0.427;1
22.05.2019 14:00;0.386;1
22.05.2019 15:00;0.4;1
22.05.2019 16:00;0.351;1
22.05.2019 17:00;0.327;1
22.05.2019 18:00;0.208;1
22.05.2019 19:00;0.094;1
22.05.2019 20:00;0.025;1
22.05.2019 21:00;0;1
22.05.2019 22:00;0;1
22.05.2019 23:00;0;1
23.05.2019 00:00;0;1
23.05.2019 01:00;0;1
23.05.2019 02:00;0;1
23.05.2019 03:00;0;1
23.05.2019 04:00;0;1
23.05.2019 05:00;0.011;1
23.05.2019 06:00;0.039;1
23.05.2019 07:00;0.126;1
23.05.2019 08:00;0.259;1
23.05.2019 09:00;0.489;1
23.05.2019 10:00;0.635;1
23.05.2019 11:00;0.717;1
23.05.2019 12:00;0.757;1
23.05.2019 13:00;0.751;1
23.05.2019 14:00;0.685;1
23.05.2019 15:00;0.591;1
23.05.2019 16:00;0.494;1
23.05.2019 17:00;0.332;1
23.05.2019 18:00;0.141;1
23.05.2019 19:00;0.064;1
23.05.2019 20:00;0.037;1
23.05.2019 21:00;0.003;1
23.05.2019 22:00;0;1
23.05.2019 23:00;0;1
24.05.2019 00:00;0;1
24.05.2019 01:00;0;1
24.05.2019 02:00;0;1
24.05.2019 03:00;0;1
24.05.2019 04:00;0;1
24.05.2019 05:00;0;1
24.05.2019 06:00;0.005;1
24.05.2019 07:00;0.026;1
24.05.2019 08:00;0.06;1
24.05.2019 09:00;0.089;1
24.05.2019 10:00;0.156;1
24.05.2019 11:00;0.18;1
24.05.2019 12:00;0.21;1
24.05.2019 13:00;0.179;1
24.05.2019 14:00;0.205;1
24.05.2019 15:00;0.187;1
24.05.2019 16:00;0.142;1
24.05.2019 17:00;0.116;1
24.05.2019 18:00;0.099;1
24.05.2019 19:00;0.092;1
24.05.2019 20:00;0.046;1
24.05.2019 21:00;0.005;1
24.05.2019 22:00;0;1
24.05.2019 23:00;0;1
25.05.2019 00:00;0;1
25.05.2019 01:00;0;1
25.05.2019 02:00;0;1
25.05.2019 03:00;0;1
25.05.2019 04:00;0;1
25.05.2019 05:00;0.02;1
25.05.2019 06:00;0.041;1
25.05.2019 07:00;0.182;1
25.05.2019 08:00;0.354;1
25.05.2019 09:00;0.512;1
25.05.2019 10:00;0.629;1
25.05.2019 11:00;0.702;1
25.05.2019 12:00;0.684;1
25.05.2019 13:00;0.51;1
25.05.2019 14:00;0.383;1
25.05.2019 15:00;0.323;1
25.05.2019 16:00;0.314;1
25.05.2019 17:00;0.283;1
25.05.2019 18:00;0.171;1
25.05.2019 19:00;0.082;1
25.05.2019 20:00;0.025;1
25.05.2019 21:00;0;1
25.05.2019 22:00;0;1
25.05.2019 23:00;0;1
26.05.2019 00:00;0;1
26.05.2019 01:00;0;1
26.05.2019 02:00;0;1
26.05.2019 03:00;0;1
26.05.2019 04:00;0;1
26.05.2019 05:00;0.004;1
26.05.2019 06:00;0.021;1
26.05.2019 07:00;0.046;1
26.05.2019 08:00;0.083;1
26.05.2019 09:00;0.117;1
26.05.2019 10:00;0.16;1
26.05.2019 11:00;0.25;1
26.05.2019 12:00;0.592;1
26.05.2019 13:00;0.773;1
26.05.2019 14:00;0.756;1
26.05.2019 15:00;0.685;1
26.05.2019 16:00;0.573;1
26.05.2019 17:00;0.417;1
26.05.2019 18:00;0.26;1
26.05.2019 19:00;0.102;1
26.05.2019 20:00;0.037;1
26.05.2019 21:00;0.008;1
26.05.2019 22:00;0;1
26.05.2019 23:00;0;1
27.05.2019 00:00;0;1
27.05.2019 01:00;0;1
27.05.2019 02:00;0;1
27.05.2019 03:00;0;1
27.05.2019 04:00;0;1
27.05.2019 05:00;0;1
27.05.2019 06:00;0.015;1
27.05.2019 07:00;0.035;1
27.05.2019 08:00;0.06;1
27.05.2019 09:00;0.085;1
27.05.2019 10:00;0.107;1
27.05.2019 11:00;0.144;1
27.05.2019 12:00;0.157;1
27.05.2019 13:00;0.201;1
27.05.2019 14:00;0.222;1
27.05.2019 15:00;0.285;1
27.05.2019 16:00;0.319;1
27.05.2019 17:00;0.26;1
27.05.2019 18:00;0.157;1
27.05.2019 19:00;0.065;1
27.05.2019 20:00;0.025;1
27.05.2019 21:00;0;1
27.05.2019 22:00;0;1
27.05.2019 23:00;0;1
28.05.2019 00:00;0;1
28.05.2019 01:00;0;1
28.05.2019 02:00;0;1
28.05.2019 03:00;0;1
28.05.2019 04:00;0;1
28.05.2019 05:00;0.006;1
28.05.2019 06:00;0.029;1
28.05.2019 07:00;0.063;1
28.05.2019 08:00;0.114;1
28.05.2019 09:00;0.192;1
28.05.2019 10:00;0.27;1
28.05.2019 11:00;0.349;1
28.05.2019 12:00;0.43;1
28.05.2019 13:00;0.5;1
28.05.2019 14:00;0.439;1
28.05.2019 15:00;0.393;1
28.05.2019 16:00;0.31;1
28.05.2019 17:00;0.216;1
28.05.2019 18:00;0.133;1
28.05.2019 19:00;0.072;1
28.05.2019 20:00;0.021;1
28.05.2019 21:00;0;1
28.05.2019 22:00;0;1
28.05.2019 23:00;0;1
29.05.2019 00:00;0;1
29.05.2019 01:00;0;1
29.05.2019 02:00;0;1
29.05.2019 03:00;0;1
29.05.2019 04:00;0;1
29.05.2019 05:00;0.013;1
29.05.2019 06:00;0.056;1
29.05.2019 07:00;0.155;1
29.05.2019 08:00;0.321;1
29.05.2019 09:00;0.463;1
29.05.2019 10:00;0.552;1
29.05.2019 11:00;0.54;1
29.05.2019 12:00;0.547;1
29.05.2019 13:00;0.521;1
29.05.2019 14:00;0.463;1
29.05.2019 15:00;0.394;1
29.05.2019 16:00;0.325;1
29.05.2019 17:00;0.261;1
29.05.2019 18:00;0.196;1
29.05.2019 19:00;0.108;1
29.05.2019 20:00;0.045;1
29.05.2019 21:00;0.009;1
29.05.2019 22:00;0;1
29.05.2019 23:00;0;1
30.05.2019 00:00;0;1
30.05.2019 01:00;0;1
30.05.2019 02:00;0;1
30.05.2019 03:00;0;1
30.05.2019 04:00;0;1
30.05.2019 05:00;0.011;1
30.05.2019 06:00;0.026;1
30.05.2019 07:00;0.024;1
30.05.2019 08:00;0.042;1
30.05.2019 09:00;0.046;1
30.05.2019 10:00;0.07;1
30.05.2019 11:00;0.096;1
30.05.2019 12:00;0.13;1
30.05.2019 13:00;0.132;1
30.05.2019 14:00;0.099;1
30.05.2019 15:00;0.097;1
30.05.2019 16:00;0.121;1
30.05.2019 17:00;0.115;1
30.05.2019 18:00;0.121;1
30.05.2019 19:00;0.094;1
30.05.2019 20:00;0.053;1
30.05.2019 21:00;0.012;1
30.05.2019 22:00;0;1
30.05.2019 23:00;0;1
31.05.2019 00:00;0;1
31.05.2019 01:00;0;1
31.05.2019 02:00;0;1
31.05.2019 03:00;0;1
31.05.2019 04:00;0;1
31.05.2019 05:00;0.023;1
31.05.2019 06:00;0.04;1
31.05.2019 07:00;0.186;1
31.05.2019 08:00;0.344;1
31.05.2019 09:00;0.474;1
31.05.2019 10:00;0.57;1
31.05.2019 11:00;0.608;1
31.05.2019 12:00;0.702;1
31.05.2019 13:00;0.699;1
31.05.2019 14:00;0.685;1
31.05.2019 15:00;0.621;1
31.05.2019 16:00;0.532;1
31.05.2019 17:00;0.41;1
31.05.2019 18:00;0.259;1
31.05.2019 19:00;0.102;1
31.05.2019 20:00;0.041;1
31.05.2019 21:00;0.01;1
31.05.2019 22:00;0;1
31.05.2019 23:00;0;1
01.06.2019 00:00;0;1
01.06.2019 01:00;0;1
01.06.2019 02:00;0;1
01.06.2019 03:00;0;1
01.06.2019 04:00;0;1
01.06.2019 05:00;0;1
01.06.2019 06:00;0.013;1
01.06.2019 07:00;0.022;1
01.06.2019 08:00;0.034;1
01.06.2019 09:00;0.045;1
01.06.2019 10:00;0.045;1
01.06.2019 11:00;0.056;1
01.06.2019 12:00;0.093;1
01.06.2019 13:00;0.105;1
01.06.2019 14:00;0.11;1
01.06.2019 15:00;0.124;1
01.06.2019 16:00;0.152;1
01.06.2019 17:00;0.186;1
01.06.2019 18:00;0.213;1
01.06.2019 19:00;0.124;1
01.06.2019 20:00;0.053;1
01.06.2019 21:00;0.013;1
01.06.2019 22:00;0;1
01.06.2019 23:00;0;1
02.06.2019 00:00;0;1
02.06.2019 01:00;0;1
02.06.2019 02:00;0;1
02.06.2019 03:00;0;1
02.06.2019 04:00;0;1
02.06.2019 05:00;0.017;1
02.06.2019 06:00;0.064;1
02.06.2019 07:00;0.192;1
02.06.2019 08:00;0.352;1
02.06.2019 09:00;0.498;1
02.06.2019 10:00;0.588;1
02.06.2019 11:00;0.607;1
02.06.2019 12:00;0.52;1
02.06.2019 13:00;0.448;1
02.06.2019 14:00;0.442;1
02.06.2019 15:00;0.398;1
02.06.2019 16:00;0.312;1
02.06.2019 17:00;0.227;1
02.06.2019 18:00;0.156;1
02.06.2019 19:00;0.065;1
02.06.2019 20:00;0.014;1
02.06.2019 21:00;0;1
02.06.2019 22:00;0;1
02.06.2019 23:00;0;1
03.06.2019 00:00;0;1
03.06.2019 01:00;0;1
03.06.2019 02:00;0;1
03.06.2019 03:00;0;1
03.06.2019 04:00;0;1
03.06.2019 05:00;0.004;1
03.06.2019 06:00;0.025;1
03.06.2019 07:00;0.05;1
03.06.2019 08:00;0.088;1
03.06.2019 09:00;0.147;1
03.06.2019 10:00;0.204;1
03.06.2019 11:00;0.275;1
03.06.2019 12:00;0.281;1
03.06.2019 13:00;0.238;1
03.06.2019 14:00;0.291;1
03.06.2019 15:00;0.388;1
03.06.2019 16:00;0.326;1
03.06.2019 17:00;0.199;1
03.06.2019 18:00;0.072;1
03.06.2019 19:00;0.068;1
03.06.2019 20:00;0.032;1
03.06.2019 21:00;0.001;1
03.06.2019 22:00;0;1
03.06.2019 23:00;0;1
04.06.2019 00:00;0;1
04.06.2019 01:00;0;1
04.06.2019 02:00;0;1
04.06.2019 03:00;0;1
04.06.2019 04:00;0;1
04.06.2019 05:00;0.018;1
04.06.2019 06:00;0.067;1
04.06.2019 07:00;0.162;1
04.06.2019 08:00;0.291;1
04.06.2019 09:00;0.464;1
04.06.2019 10:00;0.596;1
04.06.2019 11:00;0.674;1
04.06.2019 12:00;0.694;1
04.06.2019 13:00;0.669;1
04.06.2019 14:00;0.543;1
04.06.2019 15:00;0.483;1
04.06.2019 16:00;0.408;1
04.06.2019 17:00;0.328;1
04.06.2019 18:00;0.21;1
04.06.2019 19:00;0.109;1
04.06.2019 20:00;0.047;1
04.06.2019 21:00;0.012;1
04.06.2019 22:00;0;1
04.06.2019 23:00;0;1
05.06.2019 00:00;0;1
05.06.2019 01:00;0;1
05.06.2019 02:00;0;1
05.06.2019 03:00;0;1
05.06.2019 04:00;0;1
05.06.2019 05:00;0.003;1
05.06.2019 06:00;0.018;1
05.06.2019 07:00;0.062;1
05.06.2019 08:00;0.137;1
05.06.2019 09:00;0.134;1
05.06.2019 10:00;0.123;1
05.06.2019 11:00;0.142;1
05.06.2019 12:00;0.154;1
05.06.2019 13:00;0.161;1
05.06.2019 14:00;0.151;1
05.06.2019 15:00;0.139;1
05.06.2019 16:00;0.183;1
05.06.2019 17:00;0.171;1
05.06.2019 18:00;0.146;1
05.06.2019 19:00;0.087;1
05.06.2019 20:00;0.036;1
05.06.2019 21:00;0.004;1
05.06.2019 22:00;0;1
05.06.2019 23:00;0;1
06.06.2019 00:00;0;1
06.06.2019 01:00;0;1
06.06.2019 02:00;0;1
06.06.2019 03:00;0;1
06.06.2019 04:00;0;1
06.06.2019 05:00;0.027;1
06.06.2019 06:00;0.067;1
06.06.2019 07:00;0.148;1
06.06.2019 08:00;0.277;1
06.06.2019 09:00;0.435;1
06.06.2019 10:00;0.56;1
06.06.2019 11:00;0.644;1
06.06.2019 12:00;0.682;1
06.06.2019 13:00;0.663;1
06.06.2019 14:00;0.596;1
06.06.2019 15:00;0.498;1
06.06.2019 16:00;0.387;1
06.06.2019 17:00;0.235;1
06.06.2019 18:00;0.16;1
06.06.2019 19:00;0.103;1
06.06.2019 20:00;0.044;1
06.06.2019 21:00;0.008;1
06.06.2019 22:00;0;1
06.06.2019 23:00;0;1
07.06.2019 00:00;0;1
07.06.2019 01:00;0;1
07.06.2019 02:00;0;1
07.06.2019 03:00;0;1
07.06.2019 04:00;0;1
07.06.2019 05:00;0.018;1
07.06.2019 06:00;0.041;1
07.06.2019 07:00;0.084;1
07.06.2019 08:00;0.135;1
07.06.2019 09:00;0.2;1
07.06.2019 10:00;0.223;1
07.06.2019 11:00;0.245;1
07.06.2019 12:00;0.303;1
07.06.2019 13:00;0.338;1
07.06.2019 14:00;0.371;1
07.06.2019 15:00;0.387;1
07.06.2019 16:00;0.235;1
07.06.2019 17:00;0.107;1
07.06.2019 18:00;0.048;1
07.06.2019 19:00;0.016;1
07.06.2019 20:00;0.002;1
07.06.2019 21:00;0;1
07.06.2019 22:00;0;1
07.06.2019 23:00;0;1
08.06.2019 00:00;0;1
08.06.2019 01:00;0;1
08.06.2019 02:00;0;1
08.06.2019 03:00;0;1
08.06.2019 04:00;0;1
08.06.2019 05:00;0.027;1
08.06.2019 06:00;0.069;1
08.06.2019 07:00;0.155;1
08.06.2019 08:00;0.298;1
08.06.2019 09:00;0.436;1
08.06.2019 10:00;0.574;1
08.06.2019 11:00;0.541;1
08.06.2019 12:00;0.491;1
08.06.2019 13:00;0.482;1
08.06.2019 14:00;0.442;1
08.06.2019 15:00;0.371;1
08.06.2019 16:00;0.215;1
08.06.2019 17:00;0.098;1
08.06.2019 18:00;0.067;1
08.06.2019 19:00;0.045;1
08.06.2019 20:00;0.027;1
08.06.2019 21:00;0.008;1
08.06.2019 22:00;0;1
08.06.2019 23:00;0;1
09.06.2019 00:00;0;1
09.06.2019 01:00;0;1
09.06.2019 02:00;0;1
09.06.2019 03:00;0;1
09.06.2019 04:00;0;1
09.06.2019 05:00;0.007;1
09.06.2019 06:00;0.043;1
09.06.2019 07:00;0.117;1
09.06.2019 08:00;0.18;1
09.06.2019 09:00;0.199;1
09.06.2019 10:00;0.282;1
09.06.2019 11:00;0.375;1
09.06.2019 12:00;0.496;1
09.06.2019 13:00;0.512;1
09.06.2019 14:00;0.478;1
09.06.2019 15:00;0.415;1
09.06.2019 16:00;0.334;1
09.06.2019 17:00;0.216;1
09.06.2019 18:00;0.177;1
09.06.2019 19:00;0.115;1
09.06.2019 20:00;0.054;1
09.06.2019 21:00;0.015;1
09.06.2019 22:00;0;1
09.06.2019 23:00;0;1
10.06.2019 00:00;0;1
10.06.2019 01:00;0;1
10.06.2019 02:00;0;1
10.06.2019 03:00;0;1
10.06.2019 04:00;0;1
10.06.2019 05:00;0.029;1
10.06.2019 06:00;0.06;1
10.06.2019 07:00;0.183;1
10.06.2019 08:00;0.344;1
10.06.2019 09:00;0.49;1
10.06.2019 10:00;0.604;1
10.06.2019 11:00;0.671;1
10.06.2019 12:00;0.7;1
10.06.2019 13:00;0.695;1
10.06.2019 14:00;0.657;1
10.06.2019 15:00;0.599;1
10.06.2019 16:00;0.49;1
10.06.2019 17:00;0.368;1
10.06.2019 18:00;0.223;1
10.06.2019 19:00;0.111;1
10.06.2019 20:00;0.047;1
10.06.2019 21:00;0.015;1
10.06.2019 22:00;0;1
10.06.2019 23:00;0;1
11.06.2019 00:00;0;1
11.06.2019 01:00;0;1
11.06.2019 02:00;0;1
11.06.2019 03:00;0;1
11.06.2019 04:00;0.001;1
11.06.2019 05:00;0.033;1
11.06.2019 06:00;0.072;1
11.06.2019 07:00;0.172;1
11.06.2019 08:00;0.301;1
11.06.2019 09:00;0.456;1
11.06.2019 10:00;0.526;1
11.06.2019 11:00;0.456;1
11.06.2019 12:00;0.451;1
11.06.2019 13:00;0.482;1
11.06.2019 14:00;0.412;1
11.06.2019 15:00;0.268;1
11.06.2019 16:00;0.203;1
11.06.2019 17:00;0.134;1
11.06.2019 18:00;0.082;1
11.06.2019 19:00;0.053;1
11.06.2019 20:00;0.028;1
11.06.2019 21:00;0.005;1
11.06.2019 22:00;0;1
11.06.2019 23:00;0;1
12.06.2019 00:00;0;1
12.06.2019 01:00;0;1
12.06.2019 02:00;0;1
12.06.2019 03:00;0;1
12.06.2019 04:00;0;1
12.06.2019 05:00;0.034;1
12.06.2019 06:00;0.08;1
12.06.2019 07:00;0.158;1
12.06.2019 08:00;0.209;1
12.06.2019 09:00;0.235;1
12.06.2019 10:00;0.241;1
12.06.2019 11:00;0.235;1
12.06.2019 12:00;0.222;1
12.06.2019 13:00;0.192;1
12.06.2019 14:00;0.204;1
12.06.2019 15:00;0.212;1
12.06.2019 16:00;0.164;1
12.06.2019 17:00;0.118;1
12.06.2019 18:00;0.116;1
12.06.2019 19:00;0.1;1
12.06.2019 20:00;0.044;1
12.06.2019 21:00;0.012;1
12.06.2019 22:00;0;1
12.06.2019 23:00;0;1
13.06.2019 00:00;0;1
13.06.2019 01:00;0;1
13.06.2019 02:00;0;1
13.06.2019 03:00;0;1
13.06.2019 04:00;0;1
13.06.2019 05:00;0.001;1
13.06.2019 06:00;0.01;1
13.06.2019 07:00;0.018;1
13.06.2019 08:00;0.022;1
13.06.2019 09:00;0.032;1
13.06.2019 10:00;0.058;1
13.06.2019 11:00;0.091;1
13.06.2019 12:00;0.126;1
13.06.2019 13:00;0.114;1
13.06.2019 14:00;0.114;1
13.06.2019 15:00;0.088;1
13.06.2019 16:00;0.065;1
13.06.2019 17:00;0.06;1
13.06.2019 18:00;0.079;1
13.06.2019 19:00;0.078;1
13.06.2019 20:00;0.036;1
13.06.2019 21:00;0.003;1
13.06.2019 22:00;0;1
13.06.2019 23:00;0;1
14.06.2019 00:00;0;1
14.06.2019 01:00;0;1
14.06.2019 02:00;0;1
14.06.2019 03:00;0;1
14.06.2019 04:00;0.001;1
14.06.2019 05:00;0.031;1
14.06.2019 06:00;0.066;1
14.06.2019 07:00;0.171;1
14.06.2019 08:00;0.335;1
14.06.2019 09:00;0.486;1
14.06.2019 10:00;0.591;1
14.06.2019 11:00;0.658;1
14.06.2019 12:00;0.696;1
14.06.2019 13:00;0.7;1
14.06.2019 14:00;0.671;1
14.06.2019 15:00;0.596;1
14.06.2019 16:00;0.445;1
14.06.2019 17:00;0.322;1
14.06.2019 18:00;0.138;1
14.06.2019 19:00;0.111;1
14.06.2019 20:00;0.045;1
14.06.2019 21:00;0.017;1
14.06.2019 22:00;0;1
14.06.2019 23:00;0;1
15.06.2019 00:00;0;1
15.06.2019 01:00;0;1
15.06.2019 02:00;0;1
15.06.2019 03:00;0;1
15.06.2019 04:00;0.002;1
15.06.2019 05:00;0.029;1
15.06.2019 06:00;0.053;1
15.06.2019 07:00;0.182;1
15.06.2019 08:00;0.347;1
15.06.2019 09:00;0.492;1
15.06.2019 10:00;0.607;1
15.06.2019 11:00;0.686;1
15.06.2019 12:00;0.728;1
15.06.2019 13:00;0.734;1
15.06.2019 14:00;0.703;1
15.06.2019 15:00;0.64;1
15.06.2019 16:00;0.525;1
15.06.2019 17:00;0.392;1
15.06.2019 18:00;0.249;1
15.06.2019 19:00;0.109;1
15.06.2019 20:00;0.038;1
15.06.2019 21:00;0.016;1
15.06.2019 22:00;0;1
15.06.2019 23:00;0;1
16.06.2019 00:00;0;1
16.06.2019 01:00;0;1
16.06.2019 02:00;0;1
16.06.2019 03:00;0;1
16.06.2019 04:00;0.003;1
16.06.2019 05:00;0.031;1
16.06.2019 06:00;0.054;1
16.06.2019 07:00;0.183;1
16.06.2019 08:00;0.318;1
16.06.2019 09:00;0.453;1
16.06.2019 10:00;0.523;1
16.06.2019 11:00;0.53;1
16.06.2019 12:00;0.547;1
16.06.2019 13:00;0.47;1
16.06.2019 14:00;0.406;1
16.06.2019 15:00;0.322;1
16.06.2019 16:00;0.252;1
16.06.2019 17:00;0.216;1
16.06.2019 18:00;0.124;1
16.06.2019 19:00;0.062;1
16.06.2019 20:00;0.035;1
16.06.2019 21:00;0.005;1
16.06.2019 22:00;0;1
16.06.2019 23:00;0;1
17.06.2019 00:00;0;1
17.06.2019 01:00;0;1
17.06.2019 02:00;0;1
17.06.2019 03:00;0;1
17.06.2019 04:00;0;1
17.06.2019 05:00;0.028;1
17.06.2019 06:00;0.067;1
17.06.2019 07:00;0.144;1
17.06.2019 08:00;0.309;1
17.06.2019 09:00;0.45;1
17.06.2019 10:00;0.561;1
17.06.2019 11:00;0.641;1
17.06.2019 12:00;0.637;1
17.06.2019 13:00;0.681;1
17.06.2019 14:00;0.673;1
17.06.2019 15:00;0.637;1
17.06.2019 16:00;0.525;1
17.06.2019 17:00;0.381;1
17.06.2019 18:00;0.236;1
17.06.2019 19:00;0.115;1
17.06.2019 20:00;0.045;1
17.06.2019 21:00;0.017;1
17.06.2019 22:00;0;1
17.06.2019 23:00;0;1
18.06.2019 00:00;0;1
18.06.2019 01:00;0;1
18.06.2019 02:00;0;1
18.06.2019 03:00;0;1
18.06.2019 04:00;0;1
18.06.2019 05:00;0.025;1
18.06.2019 06:00;0.079;1
18.06.2019 07:00;0.162;1
18.06.2019 08:00;0.215;1
18.06.2019 09:00;0.231;1
18.06.2019 10:00;0.243;1
18.06.2019 11:00;0.306;1
18.06.2019 12:00;0.328;1
18.06.2019 13:00;0.346;1
18.06.2019 14:00;0.338;1
18.06.2019 15:00;0.279;1
18.06.2019 16:00;0.235;1
18.06.2019 17:00;0.193;1
18.06.2019 18:00;0.126;1
18.06.2019 19:00;0.058;1
18.06.2019 20:00;0.029;1
18.06.2019 21:00;0.011;1
18.06.2019 22:00;0;1
18.06.2019 23:00;0;1
19.06.2019 00:00;0;1
19.06.2019 01:00;0;1
19.06.2019 02:00;0;1
19.06.2019 03:00;0;1
19.06.2019 04:00;0.002;1
19.06.2019 05:00;0.035;1
19.06.2019 06:00;0.076;1
19.06.2019 07:00;0.169;1
19.06.2019 08:00;0.265;1
19.06.2019 09:00;0.372;1
19.06.2019 10:00;0.439;1
19.06.2019 11:00;0.406;1
19.06.2019 12:00;0.356;1
19.06.2019 13:00;0.361;1
19.06.2019 14:00;0.353;1
19.06.2019 15:00;0.329;1
19.06.2019 16:00;0.245;1
19.06.2019 17:00;0.119;1
19.06.2019 18:00;0.068;1
19.06.2019 19:00;0.04;1
19.06.2019 20:00;0.02;1
19.06.2019 21:00;0.002;1
19.06.2019 22:00;0;1
19.06.2019 23:00;0;1
20.06.2019 00:00;0;1
20.06.2019 01:00;0;1
20.06.2019 02:00;0;1
20.06.2019 03:00;0;1
20.06.2019 04:00;0;1
20.06.2019 05:00;0;1
20.06.2019 06:00;0.03;1
20.06.2019 07:00;0.093;1
20.06.2019 08:00;0.164;1
20.06.2019 09:00;0.254;1
20.06.2019 10:00;0.402;1
20.06.2019 11:00;0.272;1
20.06.2019 12:00;0.18;1
20.06.2019 13:00;0.151;1
20.06.2019 14:00;0.154;1
20.06.2019 15:00;0.192;1
20.06.2019 16:00;0.213;1
20.06.2019 17:00;0.173;1
20.06.2019 18:00;0.141;1
20.06.2019 19:00;0.083;1
20.06.2019 20:00;0.038;1
20.06.2019 21:00;0.008;1
20.06.2019 22:00;0;1
20.06.2019 23:00;0;1
21.06.2019 00:00;0;1
21.06.2019 01:00;0;1
21.06.2019 02:00;0;1
21.06.2019 03:00;0;1
21.06.2019 04:00;0.001;1
21.06.2019 05:00;0.03;1
21.06.2019 06:00;0.067;1
21.06.2019 07:00;0.173;1
21.06.2019 08:00;0.335;1
21.06.2019 09:00;0.481;1
21.06.2019 10:00;0.59;1
21.06.2019 11:00;0.662;1
21.06.2019 12:00;0.655;1
21.06.2019 13:00;0.691;1
21.06.2019 14:00;0.668;1
21.06.2019 15:00;0.585;1
21.06.2019 16:00;0.462;1
21.06.2019 17:00;0.294;1
21.06.2019 18:00;0.173;1
21.06.2019 19:00;0.1;1
21.06.2019 20:00;0.045;1
21.06.2019 21:00;0.011;1
21.06.2019 22:00;0;1
21.06.2019 23:00;0;1
22.06.2019 00:00;0;1
22.06.2019 01:00;0;1
22.06.2019 02:00;0;1
22.06.2019 03:00;0;1
22.06.2019 04:00;0.002;1
22.06.2019 05:00;0.033;1
22.06.2019 06:00;0.055;1
22.06.2019 07:00;0.181;1
22.06.2019 08:00;0.305;1
22.06.2019 09:00;0.408;1
22.06.2019 10:00;0.505;1
22.06.2019 11:00;0.58;1
22.06.2019 12:00;0.613;1
22.06.2019 13:00;0.579;1
22.06.2019 14:00;0.51;1
22.06.2019 15:00;0.421;1
22.06.2019 16:00;0.326;1
22.06.2019 17:00;0.262;1
22.06.2019 18:00;0.202;1
22.06.2019 19:00;0.118;1
22.06.2019 20:00;0.05;1
22.06.2019 21:00;0.019;1
22.06.2019 22:00;0;1
22.06.2019 23:00;0;1
23.06.2019 00:00;0;1
23.06.2019 01:00;0;1
23.06.2019 02:00;0;1
23.06.2019 03:00;0;1
23.06.2019 04:00;0.004;1
23.06.2019 05:00;0.025;1
23.06.2019 06:00;0.049;1
23.06.2019 07:00;0.179;1
23.06.2019 08:00;0.347;1
23.06.2019 09:00;0.476;1
23.06.2019 10:00;0.547;1
23.06.2019 11:00;0.628;1
23.06.2019 12:00;0.684;1
23.06.2019 13:00;0.623;1
23.06.2019 14:00;0.563;1
23.06.2019 15:00;0.476;1
23.06.2019 16:00;0.334;1
23.06.2019 17:00;0.267;1
23.06.2019 18:00;0.196;1
23.06.2019 19:00;0.112;1
23.06.2019 20:00;0.049;1
23.06.2019 21:00;0.018;1
23.06.2019 22:00;0;1
23.06.2019 23:00;0;1
24.06.2019 00:00;0;1
24.06.2019 01:00;0;1
24.06.2019 02:00;0;1
24.06.2019 03:00;0;1
24.06.2019 04:00;0.003;1
24.06.2019 05:00;0.032;1
24.06.2019 06:00;0.071;1
24.06.2019 07:00;0.168;1
24.06.2019 08:00;0.343;1
24.06.2019 09:00;0.503;1
24.06.2019 10:00;0.618;1
24.06.2019 11:00;0.694;1
24.06.2019 12:00;0.678;1
24.06.2019 13:00;0.475;1
24.06.2019 14:00;0.318;1
24.06.2019 15:00;0.427;1
24.06.2019 16:00;0.472;1
24.06.2019 17:00;0.311;1
24.06.2019 18:00;0.18;1
24.06.2019 19:00;0.07;1
24.06.2019 20:00;0.03;1
24.06.2019 21:00;0.004;1
24.06.2019 22:00;0;1
24.06.2019 23:00;0;1
25.06.2019 00:00;0;1
25.06.2019 01:00;0;1
25.06.2019 02:00;0;1
25.06.2019 03:00;0;1
25.06.2019 04:00;0;1
25.06.2019 05:00;0.003;1
25.06.2019 06:00;0.02;1
25.06.2019 07:00;0.043;1
25.06.2019 08:00;0.084;1
25.06.2019 09:00;0.212;1
25.06.2019 10:00;0.224;1
25.06.2019 11:00;0.191;1
25.06.2019 12:00;0.198;1
25.06.2019 13:00;0.169;1
25.06.2019 14:00;0.169;1
25.06.2019 15:00;0.165;1
25.06.2019 16:00;0.125;1
25.06.2019 17:00;0.101;1
25.06.2019 18:00;0.063;1
25.06.2019 19:00;0.029;1
25.06.2019 20:00;0.012;1
25.06.2019 21:00;0.001;1
25.06.2019 22:00;0;1
25.06.2019 23:00;0;1
26.06.2019 00:00;0;1
26.06.2019 01:00;0;1
26.06.2019 02:00;0;1
26.06.2019 03:00;0;1
26.06.2019 04:00;0;1
26.06.2019 05:00;0.03;1
26.06.2019 06:00;0.07;1
26.06.2019 07:00;0.155;1
26.06.2019 08:00;0.17;1
26.06.2019 09:00;0.166;1
26.06.2019 10:00;0.193;1
26.06.2019 11:00;0.212;1
26.06.2019 12:00;0.228;1
26.06.2019 13:00;0.254;1
26.06.2019 14:00;0.26;1
26.06.2019 15:00;0.266;1
26.06.2019 16:00;0.248;1
26.06.2019 17:00;0.307;1
26.06.2019 18:00;0.22;1
26.06.2019 19:00;0.118;1
26.06.2019 20:00;0.055;1
26.06.2019 21:00;0.017;1
26.06.2019 22:00;0;1
26.06.2019 23:00;0;1
27.06.2019 00:00;0;1
27.06.2019 01:00;0;1
27.06.2019 02:00;0;1
27.06.2019 03:00;0;1
27.06.2019 04:00;0.003;1
27.06.2019 05:00;0.023;1
27.06.2019 06:00;0.035;1
27.06.2019 07:00;0.186;1
27.06.2019 08:00;0.356;1
27.06.2019 09:00;0.498;1
27.06.2019 10:00;0.614;1
27.06.2019 11:00;0.667;1
27.06.2019 12:00;0.667;1
27.06.2019 13:00;0.617;1
27.06.2019 14:00;0.6;1
27.06.2019 15:00;0.626;1
27.06.2019 16:00;0.553;1
27.06.2019 17:00;0.416;1
27.06.2019 18:00;0.26;1
27.06.2019 19:00;0.115;1
27.06.2019 20:00;0.033;1
27.06.2019 21:00;0.016;1
27.06.2019 22:00;0;1
27.06.2019 23:00;0;1
28.06.2019 00:00;0;1
28.06.2019 01:00;0;1
28.06.2019 02:00;0;1
28.06.2019 03:00;0;1
28.06.2019 04:00;0.003;1
28.06.2019 05:00;0.027;1
28.06.2019 06:00;0.044;1
28.06.2019 07:00;0.177;1
28.06.2019 08:00;0.341;1
28.06.2019 09:00;0.49;1
28.06.2019 10:00;0.586;1
28.06.2019 11:00;0.549;1
28.06.2019 12:00;0.547;1
28.06.2019 13:00;0.647;1
28.06.2019 14:00;0.631;1
28.06.2019 15:00;0.606;1
28.06.2019 16:00;0.498;1
28.06.2019 17:00;0.376;1
28.06.2019 18:00;0.228;1
28.06.2019 19:00;0.118;1
28.06.2019 20:00;0.044;1
28.06.2019 21:00;0.003;1
28.06.2019 22:00;0;1
28.06.2019 23:00;0;1
29.06.2019 00:00;0;1
29.06.2019 01:00;0;1
29.06.2019 02:00;0;1
29.06.2019 03:00;0;1
29.06.2019 04:00;0;1
29.06.2019 05:00;0.027;1
29.06.2019 06:00;0.066;1
29.06.2019 07:00;0.175;1
29.06.2019 08:00;0.314;1
29.06.2019 09:00;0.304;1
29.06.2019 10:00;0.35;1
29.06.2019 11:00;0.39;1
29.06.2019 12:00;0.438;1
29.06.2019 13:00;0.616;1
29.06.2019 14:00;0.641;1
29.06.2019 15:00;0.465;1
29.06.2019 16:00;0.379;1
29.06.2019 17:00;0.341;1
29.06.2019 18:00;0.222;1
29.06.2019 19:00;0.114;1
29.06.2019 20:00;0.049;1
29.06.2019 21:00;0.017;1
29.06.2019 22:00;0;1
29.06.2019 23:00;0;1
30.06.2019 00:00;0;1
30.06.2019 01:00;0;1
30.06.2019 02:00;0;1
30.06.2019 03:00;0;1
30.06.2019 04:00;0;1
30.06.2019 05:00;0.002;1
30.06.2019 06:00;0.025;1
30.06.2019 07:00;0.077;1
30.06.2019 08:00;0.166;1
30.06.2019 09:00;0.317;1
30.06.2019 10:00;0.491;1
30.06.2019 11:00;0.363;1
30.06.2019 12:00;0.563;1
30.06.2019 13:00;0.565;1
30.06.2019 14:00;0.601;1
30.06.2019 15:00;0.229;1
30.06.2019 16:00;0.391;1
30.06.2019 17:00;0.345;1
30.06.2019 18:00;0.254;1
30.06.2019 19:00;0.121;1
30.06.2019 20:00;0.043;1
30.06.2019 21:00;0.018;1
30.06.2019 22:00;0;1
30.06.2019 23:00;0;1
01.07.2019 00:00;0;1
01.07.2019 01:00;0;1
01.07.2019 02:00;0;1
01.07.2019 03:00;0;1
01.07.2019 04:00;0;1
01.07.2019 05:00;0.018;1
01.07.2019 06:00;0.062;1
01.07.2019 07:00;0.151;1
01.07.2019 08:00;0.295;1
01.07.2019 09:00;0.455;1
01.07.2019 10:00;0.536;1
01.07.2019 11:00;0.538;1
01.07.2019 12:00;0.473;1
01.07.2019 13:00;0.443;1
01.07.2019 14:00;0.387;1
01.07.2019 15:00;0.31;1
01.07.2019 16:00;0.35;1
01.07.2019 17:00;0.337;1
01.07.2019 18:00;0.234;1
01.07.2019 19:00;0.117;1
01.07.2019 20:00;0.052;1
01.07.2019 21:00;0.016;1
01.07.2019 22:00;0;1
01.07.2019 23:00;0;1
02.07.2019 00:00;0;1
02.07.2019 01:00;0;1
02.07.2019 02:00;0;1
02.07.2019 03:00;0;1
02.07.2019 04:00;0;1
02.07.2019 05:00;0.026;1
02.07.2019 06:00;0.067;1
02.07.2019 07:00;0.16;1
02.07.2019 08:00;0.291;1
02.07.2019 09:00;0.437;1
02.07.2019 10:00;0.591;1
02.07.2019 11:00;0.675;1
02.07.2019 12:00;0.729;1
02.07.2019 13:00;0.744;1
02.07.2019 14:00;0.632;1
02.07.2019 15:00;0.62;1
02.07.2019 16:00;0.483;1
02.07.2019 17:00;0.387;1
02.07.2019 18:00;0.236;1
02.07.2019 19:00;0.119;1
02.07.2019 20:00;0.045;1
02.07.2019 21:00;0.017;1
02.07.2019 22:00;0;1
02.07.2019 23:00;0;1
03.07.2019 00:00;0;1
03.07.2019 01:00;0;1
03.07.2019 02:00;0;1
03.07.2019 03:00;0;1
03.07.2019 04:00;0.002;1
03.07.2019 05:00;0.03;1
03.07.2019 06:00;0.051;1
03.07.2019 07:00;0.182;1
03.07.2019 08:00;0.341;1
03.07.2019 09:00;0.458;1
03.07.2019 10:00;0.474;1
03.07.2019 11:00;0.468;1
03.07.2019 12:00;0.449;1
03.07.2019 13:00;0.443;1
03.07.2019 14:00;0.518;1
03.07.2019 15:00;0.565;1
03.07.2019 16:00;0.438;1
03.07.2019 17:00;0.285;1
03.07.2019 18:00;0.169;1
03.07.2019 19:00;0.088;1
03.07.2019 20:00;0.041;1
03.07.2019 21:00;0.011;1
03.07.2019 22:00;0;1
03.07.2019 23:00;0;1
04.07.2019 00:00;0;1
04.07.2019 01:00;0;1
04.07.2019 02:00;0;1
04.07.2019 03:00;0;1
04.07.2019 04:00;0;1
04.07.2019 05:00;0.022;1
04.07.2019 06:00;0.066;1
04.07.2019 07:00;0.121;1
04.07.2019 08:00;0.164;1
04.07.2019 09:00;0.185;1
04.07.2019 10:00;0.188;1
04.07.2019 11:00;0.231;1
04.07.2019 12:00;0.302;1
04.07.2019 13:00;0.35;1
04.07.2019 14:00;0.382;1
04.07.2019 15:00;0.326;1
04.07.2019 16:00;0.272;1
04.07.2019 17:00;0.229;1
04.07.2019 18:00;0.162;1
04.07.2019 19:00;0.101;1
04.07.2019 20:00;0.049;1
04.07.2019 21:00;0.012;1
04.07.2019 22:00;0;1
04.07.2019 23:00;0;1
05.07.2019 00:00;0;1
05.07.2019 01:00;0;1
05.07.2019 02:00;0;1
05.07.2019 03:00;0;1
05.07.2019 04:00;0.001;1
05.07.2019 05:00;0.024;1
05.07.2019 06:00;0.036;1
05.07.2019 07:00;0.183;1
05.07.2019 08:00;0.355;1
05.07.2019 09:00;0.514;1
05.07.2019 10:00;0.633;1
05.07.2019 11:00;0.707;1
05.07.2019 12:00;0.735;1
05.07.2019 13:00;0.732;1
05.07.2019 14:00;0.708;1
05.07.2019 15:00;0.637;1
05.07.2019 16:00;0.483;1
05.07.2019 17:00;0.334;1
05.07.2019 18:00;0.205;1
05.07.2019 19:00;0.109;1
05.07.2019 20:00;0.046;1
05.07.2019 21:00;0.014;1
05.07.2019 22:00;0;1
05.07.2019 23:00;0;1
06.07.2019 00:00;0;1
06.07.2019 01:00;0;1
06.07.2019 02:00;0;1
06.07.2019 03:00;0;1
06.07.2019 04:00;0;1
06.07.2019 05:00;0.023;1
06.07.2019 06:00;0.064;1
06.07.2019 07:00;0.131;1
06.07.2019 08:00;0.216;1
06.07.2019 09:00;0.305;1
06.07.2019 10:00;0.353;1
06.07.2019 11:00;0.434;1
06.07.2019 12:00;0.455;1
06.07.2019 13:00;0.449;1
06.07.2019 14:00;0.441;1
06.07.2019 15:00;0.394;1
06.07.2019 16:00;0.321;1
06.07.2019 17:00;0.249;1
06.07.2019 18:00;0.167;1
06.07.2019 19:00;0.096;1
06.07.2019 20:00;0.045;1
06.07.2019 21:00;0.011;1
06.07.2019 22:00;0;1
06.07.2019 23:00;0;1
07.07.2019 00:00;0;1
07.07.2019 01:00;0;1
07.07.2019 02:00;0;1
07.07.2019 03:00;0;1
07.07.2019 04:00;0;1
07.07.2019 05:00;0.023;1
07.07.2019 06:00;0.066;1
07.07.2019 07:00;0.156;1
07.07.2019 08:00;0.277;1
07.07.2019 09:00;0.422;1
07.07.2019 10:00;0.561;1
07.07.2019 11:00;0.637;1
07.07.2019 12:00;0.665;1
07.07.2019 13:00;0.676;1
07.07.2019 14:00;0.627;1
07.07.2019 15:00;0.565;1
07.07.2019 16:00;0.474;1
07.07.2019 17:00;0.315;1
07.07.2019 18:00;0.22;1
07.07.2019 19:00;0.117;1
07.07.2019 20:00;0.04;1
07.07.2019 21:00;0.014;1
07.07.2019 22:00;0;1
07.07.2019 23:00;0;1
08.07.2019 00:00;0;1
08.07.2019 01:00;0;1
08.07.2019 02:00;0;1
08.07.2019 03:00;0;1
08.07.2019 04:00;0;1
08.07.2019 05:00;0.031;1
08.07.2019 06:00;0.07;1
08.07.2019 07:00;0.155;1
08.07.2019 08:00;0.255;1
08.07.2019 09:00;0.333;1
08.07.2019 10:00;0.388;1
08.07.2019 11:00;0.379;1
08.07.2019 12:00;0.342;1
08.07.2019 13:00;0.312;1
08.07.2019 14:00;0.31;1
08.07.2019 15:00;0.32;1
08.07.2019 16:00;0.324;1
08.07.2019 17:00;0.28;1
08.07.2019 18:00;0.195;1
08.07.2019 19:00;0.104;1
08.07.2019 20:00;0.04;1
08.07.2019 21:00;0.003;1
08.07.2019 22:00;0;1
08.07.2019 23:00;0;1
09.07.2019 00:00;0;1
09.07.2019 01:00;0;1
09.07.2019 02:00;0;1
09.07.2019 03:00;0;1
09.07.2019 04:00;0;1
09.07.2019 05:00;0.021;1
09.07.2019 06:00;0.06;1
09.07.2019 07:00;0.136;1
09.07.2019 08:00;0.255;1
09.07.2019 09:00;0.375;1
09.07.2019 10:00;0.512;1
09.07.2019 11:00;0.626;1
09.07.2019 12:00;0.677;1
09.07.2019 13:00;0.682;1
09.07.2019 14:00;0.653;1
09.07.2019 15:00;0.596;1
09.07.2019 16:00;0.443;1
09.07.2019 17:00;0.375;1
09.07.2019 18:00;0.247;1
09.07.2019 19:00;0.114;1
09.07.2019 20:00;0.04;1
09.07.2019 21:00;0.013;1
09.07.2019 22:00;0;1
09.07.2019 23:00;0;1
10.07.2019 00:00;0;1
10.07.2019 01:00;0;1
10.07.2019 02:00;0;1
10.07.2019 03:00;0;1
10.07.2019 04:00;0;1
10.07.2019 05:00;0.026;1
10.07.2019 06:00;0.04;1
10.07.2019 07:00;0.173;1
10.07.2019 08:00;0.334;1
10.07.2019 09:00;0.482;1
10.07.2019 10:00;0.596;1
10.07.2019 11:00;0.674;1
10.07.2019 12:00;0.712;1
10.07.2019 13:00;0.711;1
10.07.2019 14:00;0.658;1
10.07.2019 15:00;0.54;1
10.07.2019 16:00;0.331;1
10.07.2019 17:00;0.235;1
10.07.2019 18:00;0.159;1
10.07.2019 19:00;0.084;1
10.07.2019 20:00;0.035;1
10.07.2019 21:00;0.006;1
10.07.2019 22:00;0;1
10.07.2019 23:00;0;1
11.07.2019 00:00;0;1
11.07.2019 01:00;0;1
11.07.2019 02:00;0;1
11.07.2019 03:00;0;1
11.07.2019 04:00;0;1
11.07.2019 05:00;0.022;1
11.07.2019 06:00;0.063;1
11.07.2019 07:00;0.138;1
11.07.2019 08:00;0.249;1
11.07.2019 09:00;0.373;1
11.07.2019 10:00;0.523;1
11.07.2019 11:00;0.608;1
11.07.2019 12:00;0.676;1
11.07.2019 13:00;0.666;1
11.07.2019 14:00;0.6;1
11.07.2019 15:00;0.48;1
11.07.2019 16:00;0.341;1
11.07.2019 17:00;0.244;1
11.07.2019 18:00;0.106;1
11.07.2019 19:00;0.057;1
11.07.2019 20:00;0.027;1
11.07.2019 21:00;0.002;1
11.07.2019 22:00;0;1
11.07.2019 23:00;0;1
12.07.2019 00:00;0;1
12.07.2019 01:00;0;1
12.07.2019 02:00;0;1
12.07.2019 03:00;0;1
12.07.2019 04:00;0;1
12.07.2019 05:00;0.021;1
12.07.2019 06:00;0.065;1
12.07.2019 07:00;0.158;1
12.07.2019 08:00;0.162;1
12.07.2019 09:00;0.221;1
12.07.2019 10:00;0.295;1
12.07.2019 11:00;0.384;1
12.07.2019 12:00;0.414;1
12.07.2019 13:00;0.372;1
12.07.2019 14:00;0.318;1
12.07.2019 15:00;0.258;1
12.07.2019 16:00;0.233;1
12.07.2019 17:00;0.187;1
12.07.2019 18:00;0.14;1
12.07.2019 19:00;0.09;1
12.07.2019 20:00;0.041;1
12.07.2019 21:00;0.008;1
12.07.2019 22:00;0;1
12.07.2019 23:00;0;1
13.07.2019 00:00;0;1
13.07.2019 01:00;0;1
13.07.2019 02:00;0;1
13.07.2019 03:00;0;1
13.07.2019 04:00;0;1
13.07.2019 05:00;0.025;1
13.07.2019 06:00;0.053;1
13.07.2019 07:00;0.153;1
13.07.2019 08:00;0.267;1
13.07.2019 09:00;0.392;1
13.07.2019 10:00;0.508;1
13.07.2019 11:00;0.578;1
13.07.2019 12:00;0.629;1
13.07.2019 13:00;0.645;1
13.07.2019 14:00;0.64;1
13.07.2019 15:00;0.61;1
13.07.2019 16:00;0.518;1
13.07.2019 17:00;0.35;1
13.07.2019 18:00;0.234;1
13.07.2019 19:00;0.102;1
13.07.2019 20:00;0.041;1
13.07.2019 21:00;0.01;1
13.07.2019 22:00;0;1
13.07.2019 23:00;0;1
14.07.2019 00:00;0;1
14.07.2019 01:00;0;1
14.07.2019 02:00;0;1
14.07.2019 03:00;0;1
14.07.2019 04:00;0;1
14.07.2019 05:00;0.025;1
14.07.2019 06:00;0.066;1
14.07.2019 07:00;0.156;1
14.07.2019 08:00;0.252;1
14.07.2019 09:00;0.292;1
14.07.2019 10:00;0.309;1
14.07.2019 11:00;0.273;1
14.07.2019 12:00;0.271;1
14.07.2019 13:00;0.25;1
14.07.2019 14:00;0.28;1
14.07.2019 15:00;0.251;1
14.07.2019 16:00;0.207;1
14.07.2019 17:00;0.167;1
14.07.2019 18:00;0.144;1
14.07.2019 19:00;0.075;1
14.07.2019 20:00;0.031;1
14.07.2019 21:00;0.001;1
14.07.2019 22:00;0;1
14.07.2019 23:00;0;1
15.07.2019 00:00;0;1
15.07.2019 01:00;0;1
15.07.2019 02:00;0;1
15.07.2019 03:00;0;1
15.07.2019 04:00;0;1
15.07.2019 05:00;0.013;1
15.07.2019 06:00;0.033;1
15.07.2019 07:00;0.095;1
15.07.2019 08:00;0.215;1
15.07.2019 09:00;0.42;1
15.07.2019 10:00;0.562;1
15.07.2019 11:00;0.563;1
15.07.2019 12:00;0.561;1
15.07.2019 13:00;0.527;1
15.07.2019 14:00;0.598;1
15.07.2019 15:00;0.553;1
15.07.2019 16:00;0.416;1
15.07.2019 17:00;0.307;1
15.07.2019 18:00;0.185;1
15.07.2019 19:00;0.1;1
15.07.2019 20:00;0.042;1
15.07.2019 21:00;0.009;1
15.07.2019 22:00;0;1
15.07.2019 23:00;0;1
16.07.2019 00:00;0;1
16.07.2019 01:00;0;1
16.07.2019 02:00;0;1
16.07.2019 03:00;0;1
16.07.2019 04:00;0;1
16.07.2019 05:00;0.021;1
16.07.2019 06:00;0.039;1
16.07.2019 07:00;0.162;1
16.07.2019 08:00;0.325;1
16.07.2019 09:00;0.463;1
16.07.2019 10:00;0.585;1
16.07.2019 11:00;0.692;1
16.07.2019 12:00;0.744;1
16.07.2019 13:00;0.747;1
16.07.2019 14:00;0.702;1
16.07.2019 15:00;0.636;1
16.07.2019 16:00;0.54;1
16.07.2019 17:00;0.404;1
16.07.2019 18:00;0.251;1
16.07.2019 19:00;0.105;1
16.07.2019 20:00;0.032;1
16.07.2019 21:00;0.007;1
16.07.2019 22:00;0;1
16.07.2019 23:00;0;1
17.07.2019 00:00;0;1
17.07.2019 01:00;0;1
17.07.2019 02:00;0;1
17.07.2019 03:00;0;1
17.07.2019 04:00;0;1
17.07.2019 05:00;0.016;1
17.07.2019 06:00;0.056;1
17.07.2019 07:00;0.127;1
17.07.2019 08:00;0.234;1
17.07.2019 09:00;0.346;1
17.07.2019 10:00;0.423;1
17.07.2019 11:00;0.453;1
17.07.2019 12:00;0.369;1
17.07.2019 13:00;0.315;1
17.07.2019 14:00;0.316;1
17.07.2019 15:00;0.354;1
17.07.2019 16:00;0.355;1
17.07.2019 17:00;0.278;1
17.07.2019 18:00;0.195;1
17.07.2019 19:00;0.094;1
17.07.2019 20:00;0.026;1
17.07.2019 21:00;0;1
17.07.2019 22:00;0;1
17.07.2019 23:00;0;1
18.07.2019 00:00;0;1
18.07.2019 01:00;0;1
18.07.2019 02:00;0;1
18.07.2019 03:00;0;1
18.07.2019 04:00;0;1
18.07.2019 05:00;0.015;1
18.07.2019 06:00;0.053;1
18.07.2019 07:00;0.138;1
18.07.2019 08:00;0.282;1
18.07.2019 09:00;0.425;1
18.07.2019 10:00;0.544;1
18.07.2019 11:00;0.643;1
18.07.2019 12:00;0.694;1
18.07.2019 13:00;0.679;1
18.07.2019 14:00;0.618;1
18.07.2019 15:00;0.503;1
18.07.2019 16:00;0.377;1
18.07.2019 17:00;0.227;1
18.07.2019 18:00;0.156;1
18.07.2019 19:00;0.094;1
18.07.2019 20:00;0.04;1
18.07.2019 21:00;0.006;1
18.07.2019 22:00;0;1
18.07.2019 23:00;0;1
19.07.2019 00:00;0;1
19.07.2019 01:00;0;1
19.07.2019 02:00;0;1
19.07.2019 03:00;0;1
19.07.2019 04:00;0;1
19.07.2019 05:00;0.016;1
19.07.2019 06:00;0.048;1
19.07.2019 07:00;0.106;1
19.07.2019 08:00;0.175;1
19.07.2019 09:00;0.22;1
19.07.2019 10:00;0.239;1
19.07.2019 11:00;0.259;1
19.07.2019 12:00;0.296;1
19.07.2019 13:00;0.335;1
19.07.2019 14:00;0.285;1
19.07.2019 15:00;0.215;1
19.07.2019 16:00;0.171;1
19.07.2019 17:00;0.158;1
19.07.2019 18:00;0.115;1
19.07.2019 19:00;0.092;1
19.07.2019 20:00;0.041;1
19.07.2019 21:00;0.003;1
19.07.2019 22:00;0;1
19.07.2019 23:00;0;1
20.07.2019 00:00;0;1
20.07.2019 01:00;0;1
20.07.2019 02:00;0;1
20.07.2019 03:00;0;1
20.07.2019 04:00;0;1
20.07.2019 05:00;0.014;1
20.07.2019 06:00;0.053;1
20.07.2019 07:00;0.114;1
20.07.2019 08:00;0.163;1
20.07.2019 09:00;0.223;1
20.07.2019 10:00;0.31;1
20.07.2019 11:00;0.468;1
20.07.2019 12:00;0.424;1
20.07.2019 13:00;0.419;1
20.07.2019 14:00;0.341;1
20.07.2019 15:00;0.225;1
20.07.2019 16:00;0.179;1
20.07.2019 17:00;0.112;1
20.07.2019 18:00;0.082;1
20.07.2019 19:00;0.064;1
20.07.2019 20:00;0.037;1
20.07.2019 21:00;0.003;1
20.07.2019 22:00;0;1
20.07.2019 23:00;0;1
21.07.2019 00:00;0;1
21.07.2019 01:00;0;1
21.07.2019 02:00;0;1
21.07.2019 03:00;0;1
21.07.2019 04:00;0;1
21.07.2019 05:00;0;1
21.07.2019 06:00;0.005;1
21.07.2019 07:00;0.018;1
21.07.2019 08:00;0.038;1
21.07.2019 09:00;0.064;1
21.07.2019 10:00;0.089;1
21.07.2019 11:00;0.107;1
21.07.2019 12:00;0.157;1
21.07.2019 13:00;0.226;1
21.07.2019 14:00;0.241;1
21.07.2019 15:00;0.225;1
21.07.2019 16:00;0.165;1
21.07.2019 17:00;0.129;1
21.07.2019 18:00;0.082;1
21.07.2019 19:00;0.051;1
21.07.2019 20:00;0.017;1
21.07.2019 21:00;0;1
21.07.2019 22:00;0;1
21.07.2019 23:00;0;1
22.07.2019 00:00;0;1
22.07.2019 01:00;0;1
22.07.2019 02:00;0;1
22.07.2019 03:00;0;1
22.07.2019 04:00;0;1
22.07.2019 05:00;0.018;1
22.07.2019 06:00;0.057;1
22.07.2019 07:00;0.142;1
22.07.2019 08:00;0.166;1
22.07.2019 09:00;0.249;1
22.07.2019 10:00;0.351;1
22.07.2019 11:00;0.422;1
22.07.2019 12:00;0.451;1
22.07.2019 13:00;0.473;1
22.07.2019 14:00;0.545;1
22.07.2019 15:00;0.448;1
22.07.2019 16:00;0.296;1
22.07.2019 17:00;0.183;1
22.07.2019 18:00;0.096;1
22.07.2019 19:00;0.056;1
22.07.2019 20:00;0.03;1
22.07.2019 21:00;0;1
22.07.2019 22:00;0;1
22.07.2019 23:00;0;1
23.07.2019 00:00;0;1
23.07.2019 01:00;0;1
23.07.2019 02:00;0;1
23.07.2019 03:00;0;1
23.07.2019 04:00;0;1
23.07.2019 05:00;0.015;1
23.07.2019 06:00;0.053;1
23.07.2019 07:00;0.126;1
23.07.2019 08:00;0.248;1
23.07.2019 09:00;0.384;1
23.07.2019 10:00;0.467;1
23.07.2019 11:00;0.597;1
23.07.2019 12:00;0.619;1
23.07.2019 13:00;0.584;1
23.07.2019 14:00;0.469;1
23.07.2019 15:00;0.403;1
23.07.2019 16:00;0.363;1
23.07.2019 17:00;0.317;1
23.07.2019 18:00;0.222;1
23.07.2019 19:00;0.097;1
23.07.2019 20:00;0.034;1
23.07.2019 21:00;0.002;1
23.07.2019 22:00;0;1
23.07.2019 23:00;0;1
24.07.2019 00:00;0;1
24.07.2019 01:00;0;1
24.07.2019 02:00;0;1
24.07.2019 03:00;0;1
24.07.2019 04:00;0;1
24.07.2019 05:00;0.015;1
24.07.2019 06:00;0.036;1
24.07.2019 07:00;0.145;1
24.07.2019 08:00;0.299;1
24.07.2019 09:00;0.442;1
24.07.2019 10:00;0.557;1
24.07.2019 11:00;0.632;1
24.07.2019 12:00;0.665;1
24.07.2019 13:00;0.658;1
24.07.2019 14:00;0.629;1
24.07.2019 15:00;0.571;1
24.07.2019 16:00;0.494;1
24.07.2019 17:00;0.356;1
24.07.2019 18:00;0.203;1
24.07.2019 19:00;0.092;1
24.07.2019 20:00;0.03;1
24.07.2019 21:00;0.001;1
24.07.2019 22:00;0;1
24.07.2019 23:00;0;1
25.07.2019 00:00;0;1
25.07.2019 01:00;0;1
25.07.2019 02:00;0;1
25.07.2019 03:00;0;1
25.07.2019 04:00;0;1
25.07.2019 05:00;0.015;1
25.07.2019 06:00;0.046;1
25.07.2019 07:00;0.142;1
25.07.2019 08:00;0.286;1
25.07.2019 09:00;0.432;1
25.07.2019 10:00;0.548;1
25.07.2019 11:00;0.628;1
25.07.2019 12:00;0.652;1
25.07.2019 13:00;0.612;1
25.07.2019 14:00;0.542;1
25.07.2019 15:00;0.486;1
25.07.2019 16:00;0.391;1
25.07.2019 17:00;0.29;1
25.07.2019 18:00;0.178;1
25.07.2019 19:00;0.082;1
25.07.2019 20:00;0.028;1
25.07.2019 21:00;0;1
25.07.2019 22:00;0;1
25.07.2019 23:00;0;1
26.07.2019 00:00;0;1
26.07.2019 01:00;0;1
26.07.2019 02:00;0;1
26.07.2019 03:00;0;1
26.07.2019 04:00;0;1
26.07.2019 05:00;0.012;1
26.07.2019 06:00;0.047;1
26.07.2019 07:00;0.13;1
26.07.2019 08:00;0.273;1
26.07.2019 09:00;0.41;1
26.07.2019 10:00;0.531;1
26.07.2019 11:00;0.613;1
26.07.2019 12:00;0.66;1
26.07.2019 13:00;0.662;1
26.07.2019 14:00;0.606;1
26.07.2019 15:00;0.468;1
26.07.2019 16:00;0.319;1
26.07.2019 17:00;0.279;1
26.07.2019 18:00;0.215;1
26.07.2019 19:00;0.084;1
26.07.2019 20:00;0.029;1
26.07.2019 21:00;0;1
26.07.2019 22:00;0;1
26.07.2019 23:00;0;1
27.07.2019 00:00;0;1
27.07.2019 01:00;0;1
27.07.2019 02:00;0;1
27.07.2019 03:00;0;1
27.07.2019 04:00;0;1
27.07.2019 05:00;0.011;1
27.07.2019 06:00;0.046;1
27.07.2019 07:00;0.12;1
27.07.2019 08:00;0.245;1
27.07.2019 09:00;0.426;1
27.07.2019 10:00;0.555;1
27.07.2019 11:00;0.636;1
27.07.2019 12:00;0.672;1
27.07.2019 13:00;0.672;1
27.07.2019 14:00;0.632;1
27.07.2019 15:00;0.547;1
27.07.2019 16:00;0.416;1
27.07.2019 17:00;0.293;1
27.07.2019 18:00;0.216;1
27.07.2019 19:00;0.092;1
27.07.2019 20:00;0.028;1
27.07.2019 21:00;0;1
27.07.2019 22:00;0;1
27.07.2019 23:00;0;1
28.07.2019 00:00;0;1
28.07.2019 01:00;0;1
28.07.2019 02:00;0;1
28.07.2019 03:00;0;1
28.07.2019 04:00;0;1
28.07.2019 05:00;0.011;1
28.07.2019 06:00;0.031;1
28.07.2019 07:00;0.139;1
28.07.2019 08:00;0.296;1
28.07.2019 09:00;0.443;1
28.07.2019 10:00;0.559;1
28.07.2019 11:00;0.641;1
28.07.2019 12:00;0.686;1
28.07.2019 13:00;0.694;1
28.07.2019 14:00;0.667;1
28.07.2019 15:00;0.601;1
28.07.2019 16:00;0.501;1
28.07.2019 17:00;0.374;1
28.07.2019 18:00;0.227;1
28.07.2019 19:00;0.087;1
28.07.2019 20:00;0.024;1
28.07.2019 21:00;0;1
28.07.2019 22:00;0;1
28.07.2019 23:00;0;1
29.07.2019 00:00;0;1
29.07.2019 01:00;0;1
29.07.2019 02:00;0;1
29.07.2019 03:00;0;1
29.07.2019 04:00;0;1
29.07.2019 05:00;0.003;1
29.07.2019 06:00;0.036;1
29.07.2019 07:00;0.108;1
29.07.2019 08:00;0.243;1
29.07.2019 09:00;0.392;1
29.07.2019 10:00;0.514;1
29.07.2019 11:00;0.598;1
29.07.2019 12:00;0.656;1
29.07.2019 13:00;0.67;1
29.07.2019 14:00;0.636;1
29.07.2019 15:00;0.571;1
29.07.2019 16:00;0.473;1
29.07.2019 17:00;0.337;1
29.07.2019 18:00;0.184;1
29.07.2019 19:00;0.081;1
29.07.2019 20:00;0.022;1
29.07.2019 21:00;0;1
29.07.2019 22:00;0;1
29.07.2019 23:00;0;1
30.07.2019 00:00;0;1
30.07.2019 01:00;0;1
30.07.2019 02:00;0;1
30.07.2019 03:00;0;1
30.07.2019 04:00;0;1
30.07.2019 05:00;0;1
30.07.2019 06:00;0.011;1
30.07.2019 07:00;0.045;1
30.07.2019 08:00;0.088;1
30.07.2019 09:00;0.134;1
30.07.2019 10:00;0.226;1
30.07.2019 11:00;0.313;1
30.07.2019 12:00;0.383;1
30.07.2019 13:00;0.536;1
30.07.2019 14:00;0.512;1
30.07.2019 15:00;0.412;1
30.07.2019 16:00;0.356;1
30.07.2019 17:00;0.262;1
30.07.2019 18:00;0.167;1
30.07.2019 19:00;0.087;1
30.07.2019 20:00;0.029;1
30.07.2019 21:00;0;1
30.07.2019 22:00;0;1
30.07.2019 23:00;0;1
31.07.2019 00:00;0;1
31.07.2019 01:00;0;1
31.07.2019 02:00;0;1
31.07.2019 03:00;0;1
31.07.2019 04:00;0;1
31.07.2019 05:00;0.005;1
31.07.2019 06:00;0.047;1
31.07.2019 07:00;0.093;1
31.07.2019 08:00;0.156;1
31.07.2019 09:00;0.21;1
31.07.2019 10:00;0.249;1
31.07.2019 11:00;0.28;1
31.07.2019 12:00;0.259;1
31.07.2019 13:00;0.198;1
31.07.2019 14:00;0.165;1
31.07.2019 15:00;0.145;1
31.07.2019 16:00;0.123;1
31.07.2019 17:00;0.097;1
31.07.2019 18:00;0.069;1
31.07.2019 19:00;0.04;1
31.07.2019 20:00;0.012;1
31.07.2019 21:00;0;1
31.07.2019 22:00;0;1
31.07.2019 23:00;0;1
01.08.2019 00:00;0;1
01.08.2019 01:00;0;1
01.08.2019 02:00;0;1
01.08.2019 03:00;0;1
01.08.2019 04:00;0;1
01.08.2019 05:00;0.004;1
01.08.2019 06:00;0.04;1
01.08.2019 07:00;0.107;1
01.08.2019 08:00;0.207;1
01.08.2019 09:00;0.352;1
01.08.2019 10:00;0.494;1
01.08.2019 11:00;0.548;1
01.08.2019 12:00;0.539;1
01.08.2019 13:00;0.539;1
01.08.2019 14:00;0.476;1
01.08.2019 15:00;0.416;1
01.08.2019 16:00;0.36;1
01.08.2019 17:00;0.273;1
01.08.2019 18:00;0.191;1
01.08.2019 19:00;0.086;1
01.08.2019 20:00;0.025;1
01.08.2019 21:00;0;1
01.08.2019 22:00;0;1
01.08.2019 23:00;0;1
02.08.2019 00:00;0;1
02.08.2019 01:00;0;1
02.08.2019 02:00;0;1
02.08.2019 03:00;0;1
02.08.2019 04:00;0;1
02.08.2019 05:00;0.006;1
02.08.2019 06:00;0.032;1
02.08.2019 07:00;0.134;1
02.08.2019 08:00;0.297;1
02.08.2019 09:00;0.454;1
02.08.2019 10:00;0.582;1
02.08.2019 11:00;0.666;1
02.08.2019 12:00;0.711;1
02.08.2019 13:00;0.716;1
02.08.2019 14:00;0.686;1
02.08.2019 15:00;0.619;1
02.08.2019 16:00;0.517;1
02.08.2019 17:00;0.381;1
02.08.2019 18:00;0.222;1
02.08.2019 19:00;0.08;1
02.08.2019 20:00;0.02;1
02.08.2019 21:00;0;1
02.08.2019 22:00;0;1
02.08.2019 23:00;0;1
03.08.2019 00:00;0;1
03.08.2019 01:00;0;1
03.08.2019 02:00;0;1
03.08.2019 03:00;0;1
03.08.2019 04:00;0;1
03.08.2019 05:00;0.005;1
03.08.2019 06:00;0.037;1
03.08.2019 07:00;0.123;1
03.08.2019 08:00;0.233;1
03.08.2019 09:00;0.425;1
03.08.2019 10:00;0.553;1
03.08.2019 11:00;0.644;1
03.08.2019 12:00;0.66;1
03.08.2019 13:00;0.629;1
03.08.2019 14:00;0.558;1
03.08.2019 15:00;0.558;1
03.08.2019 16:00;0.487;1
03.08.2019 17:00;0.349;1
03.08.2019 18:00;0.222;1
03.08.2019 19:00;0.08;1
03.08.2019 20:00;0.021;1
03.08.2019 21:00;0;1
03.08.2019 22:00;0;1
03.08.2019 23:00;0;1
04.08.2019 00:00;0;1
04.08.2019 01:00;0;1
04.08.2019 02:00;0;1
04.08.2019 03:00;0;1
04.08.2019 04:00;0;1
04.08.2019 05:00;0.005;1
04.08.2019 06:00;0.043;1
04.08.2019 07:00;0.127;1
04.08.2019 08:00;0.202;1
04.08.2019 09:00;0.264;1
04.08.2019 10:00;0.299;1
04.08.2019 11:00;0.293;1
04.08.2019 12:00;0.322;1
04.08.2019 13:00;0.287;1
04.08.2019 14:00;0.276;1
04.08.2019 15:00;0.255;1
04.08.2019 16:00;0.244;1
04.08.2019 17:00;0.134;1
04.08.2019 18:00;0.087;1
04.08.2019 19:00;0.038;1
04.08.2019 20:00;0.012;1
04.08.2019 21:00;0;1
04.08.2019 22:00;0;1
04.08.2019 23:00;0;1
05.08.2019 00:00;0;1
05.08.2019 01:00;0;1
05.08.2019 02:00;0;1
05.08.2019 03:00;0;1
05.08.2019 04:00;0;1
05.08.2019 05:00;0;1
05.08.2019 06:00;0.03;1
05.08.2019 07:00;0.079;1
05.08.2019 08:00;0.131;1
05.08.2019 09:00;0.204;1
05.08.2019 10:00;0.286;1
05.08.2019 11:00;0.388;1
05.08.2019 12:00;0.346;1
05.08.2019 13:00;0.342;1
05.08.2019 14:00;0.29;1
05.08.2019 15:00;0.227;1
05.08.2019 16:00;0.16;1
05.08.2019 17:00;0.127;1
05.08.2019 18:00;0.079;1
05.08.2019 19:00;0.032;1
05.08.2019 20:00;0.004;1
05.08.2019 21:00;0;1
05.08.2019 22:00;0;1
05.08.2019 23:00;0;1
06.08.2019 00:00;0;1
06.08.2019 01:00;0;1
06.08.2019 02:00;0;1
06.08.2019 03:00;0;1
06.08.2019 04:00;0;1
06.08.2019 05:00;0;1
06.08.2019 06:00;0.022;1
06.08.2019 07:00;0.058;1
06.08.2019 08:00;0.097;1
06.08.2019 09:00;0.142;1
06.08.2019 10:00;0.162;1
06.08.2019 11:00;0.215;1
06.08.2019 12:00;0.262;1
06.08.2019 13:00;0.304;1
06.08.2019 14:00;0.287;1
06.08.2019 15:00;0.294;1
06.08.2019 16:00;0.254;1
06.08.2019 17:00;0.163;1
06.08.2019 18:00;0.105;1
06.08.2019 19:00;0.059;1
06.08.2019 20:00;0.011;1
06.08.2019 21:00;0;1
06.08.2019 22:00;0;1
06.08.2019 23:00;0;1
07.08.2019 00:00;0;1
07.08.2019 01:00;0;1
07.08.2019 02:00;0;1
07.08.2019 03:00;0;1
07.08.2019 04:00;0;1
07.08.2019 05:00;0;1
07.08.2019 06:00;0.025;1
07.08.2019 07:00;0.068;1
07.08.2019 08:00;0.112;1
07.08.2019 09:00;0.2;1
07.08.2019 10:00;0.274;1
07.08.2019 11:00;0.351;1
07.08.2019 12:00;0.384;1
07.08.2019 13:00;0.33;1
07.08.2019 14:00;0.304;1
07.08.2019 15:00;0.213;1
07.08.2019 16:00;0.242;1
07.08.2019 17:00;0.167;1
07.08.2019 18:00;0.098;1
07.08.2019 19:00;0.041;1
07.08.2019 20:00;0.006;1
07.08.2019 21:00;0;1
07.08.2019 22:00;0;1
07.08.2019 23:00;0;1
08.08.2019 00:00;0;1
08.08.2019 01:00;0;1
08.08.2019 02:00;0;1
08.08.2019 03:00;0;1
08.08.2019 04:00;0;1
08.08.2019 05:00;0;1
08.08.2019 06:00;0.021;1
08.08.2019 07:00;0.072;1
08.08.2019 08:00;0.135;1
08.08.2019 09:00;0.202;1
08.08.2019 10:00;0.223;1
08.08.2019 11:00;0.258;1
08.08.2019 12:00;0.269;1
08.08.2019 13:00;0.244;1
08.08.2019 14:00;0.213;1
08.08.2019 15:00;0.183;1
08.08.2019 16:00;0.147;1
08.08.2019 17:00;0.097;1
08.08.2019 18:00;0.04;1
08.08.2019 19:00;0.019;1
08.08.2019 20:00;0.001;1
08.08.2019 21:00;0;1
08.08.2019 22:00;0;1
08.08.2019 23:00;0;1
09.08.2019 00:00;0;1
09.08.2019 01:00;0;1
09.08.2019 02:00;0;1
09.08.2019 03:00;0;1
09.08.2019 04:00;0;1
09.08.2019 05:00;0;1
09.08.2019 06:00;0.031;1
09.08.2019 07:00;0.098;1
09.08.2019 08:00;0.204;1
09.08.2019 09:00;0.342;1
09.08.2019 10:00;0.408;1
09.08.2019 11:00;0.446;1
09.08.2019 12:00;0.443;1
09.08.2019 13:00;0.458;1
09.08.2019 14:00;0.484;1
09.08.2019 15:00;0.448;1
09.08.2019 16:00;0.319;1
09.08.2019 17:00;0.293;1
09.08.2019 18:00;0.19;1
09.08.2019 19:00;0.071;1
09.08.2019 20:00;0.014;1
09.08.2019 21:00;0;1
09.08.2019 22:00;0;1
09.08.2019 23:00;0;1
10.08.2019 00:00;0;1
10.08.2019 01:00;0;1
10.08.2019 02:00;0;1
10.08.2019 03:00;0;1
10.08.2019 04:00;0;1
10.08.2019 05:00;0;1
10.08.2019 06:00;0.004;1
10.08.2019 07:00;0.043;1
10.08.2019 08:00;0.122;1
10.08.2019 09:00;0.137;1
10.08.2019 10:00;0.133;1
10.08.2019 11:00;0.157;1
10.08.2019 12:00;0.153;1
10.08.2019 13:00;0.16;1
10.08.2019 14:00;0.156;1
10.08.2019 15:00;0.124;1
10.08.2019 16:00;0.12;1
10.08.2019 17:00;0.096;1
10.08.2019 18:00;0.064;1
10.08.2019 19:00;0.031;1
10.08.2019 20:00;0.001;1
10.08.2019 21:00;0;1
10.08.2019 22:00;0;1
10.08.2019 23:00;0;1
11.08.2019 00:00;0;1
11.08.2019 01:00;0;1
11.08.2019 02:00;0;1
11.08.2019 03:00;0;1
11.08.2019 04:00;0;1
11.08.2019 05:00;0;1
11.08.2019 06:00;0.021;1
11.08.2019 07:00;0.082;1
11.08.2019 08:00;0.166;1
11.08.2019 09:00;0.208;1
11.08.2019 10:00;0.27;1
11.08.2019 11:00;0.278;1
11.08.2019 12:00;0.263;1
11.08.2019 13:00;0.305;1
11.08.2019 14:00;0.256;1
11.08.2019 15:00;0.166;1
11.08.2019 16:00;0.141;1
11.08.2019 17:00;0.085;1
11.08.2019 18:00;0.042;1
11.08.2019 19:00;0.013;1
11.08.2019 20:00;0;1
11.08.2019 21:00;0;1
11.08.2019 22:00;0;1
11.08.2019 23:00;0;1
12.08.2019 00:00;0;1
12.08.2019 01:00;0;1
12.08.2019 02:00;0;1
12.08.2019 03:00;0;1
12.08.2019 04:00;0;1
12.08.2019 05:00;0;1
12.08.2019 06:00;0.02;1
12.08.2019 07:00;0.066;1
12.08.2019 08:00;0.142;1
12.08.2019 09:00;0.265;1
12.08.2019 10:00;0.434;1
12.08.2019 11:00;0.504;1
12.08.2019 12:00;0.527;1
12.08.2019 13:00;0.514;1
12.08.2019 14:00;0.361;1
12.08.2019 15:00;0.257;1
12.08.2019 16:00;0.165;1
12.08.2019 17:00;0.09;1
12.08.2019 18:00;0.038;1
12.08.2019 19:00;0.007;1
12.08.2019 20:00;0;1
12.08.2019 21:00;0;1
12.08.2019 22:00;0;1
12.08.2019 23:00;0;1
13.08.2019 00:00;0;1
13.08.2019 01:00;0;1
13.08.2019 02:00;0;1
13.08.2019 03:00;0;1
13.08.2019 04:00;0;1
13.08.2019 05:00;0;1
13.08.2019 06:00;0.003;1
13.08.2019 07:00;0.024;1
13.08.2019 08:00;0.049;1
13.08.2019 09:00;0.069;1
13.08.2019 10:00;0.079;1
13.08.2019 11:00;0.135;1
13.08.2019 12:00;0.171;1
13.08.2019 13:00;0.179;1
13.08.2019 14:00;0.181;1
13.08.2019 15:00;0.138;1
13.08.2019 16:00;0.163;1
13.08.2019 17:00;0.178;1
13.08.2019 18:00;0.112;1
13.08.2019 19:00;0.059;1
13.08.2019 20:00;0.008;1
13.08.2019 21:00;0;1
13.08.2019 22:00;0;1
13.08.2019 23:00;0;1
14.08.2019 00:00;0;1
14.08.2019 01:00;0;1
14.08.2019 02:00;0;1
14.08.2019 03:00;0;1
14.08.2019 04:00;0;1
14.08.2019 05:00;0;1
14.08.2019 06:00;0.023;1
14.08.2019 07:00;0.087;1
14.08.2019 08:00;0.177;1
14.08.2019 09:00;0.26;1
14.08.2019 10:00;0.335;1
14.08.2019 11:00;0.4;1
14.08.2019 12:00;0.462;1
14.08.2019 13:00;0.509;1
14.08.2019 14:00;0.515;1
14.08.2019 15:00;0.48;1
14.08.2019 16:00;0.386;1
14.08.2019 17:00;0.242;1
14.08.2019 18:00;0.156;1
14.08.2019 19:00;0.058;1
14.08.2019 20:00;0.006;1
14.08.2019 21:00;0;1
14.08.2019 22:00;0;1
14.08.2019 23:00;0;1
15.08.2019 00:00;0;1
15.08.2019 01:00;0;1
15.08.2019 02:00;0;1
15.08.2019 03:00;0;1
15.08.2019 04:00;0;1
15.08.2019 05:00;0;1
15.08.2019 06:00;0.019;1
15.08.2019 07:00;0.057;1
15.08.2019 08:00;0.114;1
15.08.2019 09:00;0.305;1
15.08.2019 10:00;0.466;1
15.08.2019 11:00;0.547;1
15.08.2019 12:00;0.579;1
15.08.2019 13:00;0.617;1
15.08.2019 14:00;0.62;1
15.08.2019 15:00;0.57;1
15.08.2019 16:00;0.447;1
15.08.2019 17:00;0.276;1
15.08.2019 18:00;0.144;1
15.08.2019 19:00;0.051;1
15.08.2019 20:00;0.005;1
15.08.2019 21:00;0;1
15.08.2019 22:00;0;1
15.08.2019 23:00;0;1
16.08.2019 00:00;0;1
16.08.2019 01:00;0;1
16.08.2019 02:00;0;1
16.08.2019 03:00;0;1
16.08.2019 04:00;0;1
16.08.2019 05:00;0;1
16.08.2019 06:00;0.012;1
16.08.2019 07:00;0.053;1
16.08.2019 08:00;0.077;1
16.08.2019 09:00;0.124;1
16.08.2019 10:00;0.209;1
16.08.2019 11:00;0.27;1
16.08.2019 12:00;0.325;1
16.08.2019 13:00;0.327;1
16.08.2019 14:00;0.371;1
16.08.2019 15:00;0.393;1
16.08.2019 16:00;0.228;1
16.08.2019 17:00;0.179;1
16.08.2019 18:00;0.096;1
16.08.2019 19:00;0.026;1
16.08.2019 20:00;0;1
16.08.2019 21:00;0;1
16.08.2019 22:00;0;1
16.08.2019 23:00;0;1
17.08.2019 00:00;0;1
17.08.2019 01:00;0;1
17.08.2019 02:00;0;1
17.08.2019 03:00;0;1
17.08.2019 04:00;0;1
17.08.2019 05:00;0;1
17.08.2019 06:00;0;1
17.08.2019 07:00;0.009;1
17.08.2019 08:00;0.046;1
17.08.2019 09:00;0.129;1
17.08.2019 10:00;0.171;1
17.08.2019 11:00;0.148;1
17.08.2019 12:00;0.12;1
17.08.2019 13:00;0.097;1
17.08.2019 14:00;0.086;1
17.08.2019 15:00;0.095;1
17.08.2019 16:00;0.104;1
17.08.2019 17:00;0.086;1
17.08.2019 18:00;0.048;1
17.08.2019 19:00;0.021;1
17.08.2019 20:00;0;1
17.08.2019 21:00;0;1
17.08.2019 22:00;0;1
17.08.2019 23:00;0;1
18.08.2019 00:00;0;1
18.08.2019 01:00;0;1
18.08.2019 02:00;0;1
18.08.2019 03:00;0;1
18.08.2019 04:00;0;1
18.08.2019 05:00;0;1
18.08.2019 06:00;0.011;1
18.08.2019 07:00;0.059;1
18.08.2019 08:00;0.211;1
18.08.2019 09:00;0.402;1
18.08.2019 10:00;0.56;1
18.08.2019 11:00;0.656;1
18.08.2019 12:00;0.71;1
18.08.2019 13:00;0.719;1
18.08.2019 14:00;0.674;1
18.08.2019 15:00;0.595;1
18.08.2019 16:00;0.435;1
18.08.2019 17:00;0.236;1
18.08.2019 18:00;0.083;1
18.08.2019 19:00;0.044;1
18.08.2019 20:00;0.002;1
18.08.2019 21:00;0;1
18.08.2019 22:00;0;1
18.08.2019 23:00;0;1
19.08.2019 00:00;0;1
19.08.2019 01:00;0;1
19.08.2019 02:00;0;1
19.08.2019 03:00;0;1
19.08.2019 04:00;0;1
19.08.2019 05:00;0;1
19.08.2019 06:00;0.011;1
19.08.2019 07:00;0.05;1
19.08.2019 08:00;0.166;1
19.08.2019 09:00;0.337;1
19.08.2019 10:00;0.486;1
19.08.2019 11:00;0.588;1
19.08.2019 12:00;0.612;1
19.08.2019 13:00;0.589;1
19.08.2019 14:00;0.579;1
19.08.2019 15:00;0.481;1
19.08.2019 16:00;0.346;1
19.08.2019 17:00;0.156;1
19.08.2019 18:00;0.114;1
19.08.2019 19:00;0.044;1
19.08.2019 20:00;0;1
19.08.2019 21:00;0;1
19.08.2019 22:00;0;1
19.08.2019 23:00;0;1
20.08.2019 00:00;0;1
20.08.2019 01:00;0;1
20.08.2019 02:00;0;1
20.08.2019 03:00;0;1
20.08.2019 04:00;0;1
20.08.2019 05:00;0;1
20.08.2019 06:00;0.005;1
20.08.2019 07:00;0.053;1
20.08.2019 08:00;0.195;1
20.08.2019 09:00;0.354;1
20.08.2019 10:00;0.512;1
20.08.2019 11:00;0.609;1
20.08.2019 12:00;0.637;1
20.08.2019 13:00;0.592;1
20.08.2019 14:00;0.478;1
20.08.2019 15:00;0.387;1
20.08.2019 16:00;0.261;1
20.08.2019 17:00;0.179;1
20.08.2019 18:00;0.098;1
20.08.2019 19:00;0.032;1
20.08.2019 20:00;0;1
20.08.2019 21:00;0;1
20.08.2019 22:00;0;1
20.08.2019 23:00;0;1
21.08.2019 00:00;0;1
21.08.2019 01:00;0;1
21.08.2019 02:00;0;1
21.08.2019 03:00;0;1
21.08.2019 04:00;0;1
21.08.2019 05:00;0;1
21.08.2019 06:00;0.014;1
21.08.2019 07:00;0.095;1
21.08.2019 08:00;0.263;1
21.08.2019 09:00;0.426;1
21.08.2019 10:00;0.562;1
21.08.2019 11:00;0.644;1
21.08.2019 12:00;0.691;1
21.08.2019 13:00;0.696;1
21.08.2019 14:00;0.669;1
21.08.2019 15:00;0.589;1
21.08.2019 16:00;0.466;1
21.08.2019 17:00;0.318;1
21.08.2019 18:00;0.162;1
21.08.2019 19:00;0.041;1
21.08.2019 20:00;0;1
21.08.2019 21:00;0;1
21.08.2019 22:00;0;1
21.08.2019 23:00;0;1
22.08.2019 00:00;0;1
22.08.2019 01:00;0;1
22.08.2019 02:00;0;1
22.08.2019 03:00;0;1
22.08.2019 04:00;0;1
22.08.2019 05:00;0;1
22.08.2019 06:00;0.016;1
22.08.2019 07:00;0.044;1
22.08.2019 08:00;0.094;1
22.08.2019 09:00;0.195;1
22.08.2019 10:00;0.207;1
22.08.2019 11:00;0.169;1
22.08.2019 12:00;0.132;1
22.08.2019 13:00;0.128;1
22.08.2019 14:00;0.091;1
22.08.2019 15:00;0.078;1
22.08.2019 16:00;0.063;1
22.08.2019 17:00;0.05;1
22.08.2019 18:00;0.058;1
22.08.2019 19:00;0.026;1
22.08.2019 20:00;0;1
22.08.2019 21:00;0;1
22.08.2019 22:00;0;1
22.08.2019 23:00;0;1
23.08.2019 00:00;0;1
23.08.2019 01:00;0;1
23.08.2019 02:00;0;1
23.08.2019 03:00;0;1
23.08.2019 04:00;0;1
23.08.2019 05:00;0;1
23.08.2019 06:00;0.003;1
23.08.2019 07:00;0.024;1
23.08.2019 08:00;0.075;1
23.08.2019 09:00;0.155;1
23.08.2019 10:00;0.375;1
23.08.2019 11:00;0.568;1
23.08.2019 12:00;0.641;1
23.08.2019 13:00;0.648;1
23.08.2019 14:00;0.578;1
23.08.2019 15:00;0.216;1
23.08.2019 16:00;0.136;1
23.08.2019 17:00;0.135;1
23.08.2019 18:00;0.135;1
23.08.2019 19:00;0.035;1
23.08.2019 20:00;0;1
23.08.2019 21:00;0;1
23.08.2019 22:00;0;1
23.08.2019 23:00;0;1
24.08.2019 00:00;0;1
24.08.2019 01:00;0;1
24.08.2019 02:00;0;1
24.08.2019 03:00;0;1
24.08.2019 04:00;0;1
24.08.2019 05:00;0;1
24.08.2019 06:00;0.012;1
24.08.2019 07:00;0.086;1
24.08.2019 08:00;0.193;1
24.08.2019 09:00;0.299;1
24.08.2019 10:00;0.449;1
24.08.2019 11:00;0.525;1
24.08.2019 12:00;0.558;1
24.08.2019 13:00;0.607;1
24.08.2019 14:00;0.559;1
24.08.2019 15:00;0.406;1
24.08.2019 16:00;0.35;1
24.08.2019 17:00;0.263;1
24.08.2019 18:00;0.137;1
24.08.2019 19:00;0.03;1
24.08.2019 20:00;0;1
24.08.2019 21:00;0;1
24.08.2019 22:00;0;1
24.08.2019 23:00;0;1
25.08.2019 00:00;0;1
25.08.2019 01:00;0;1
25.08.2019 02:00;0;1
25.08.2019 03:00;0;1
25.08.2019 04:00;0;1
25.08.2019 05:00;0;1
25.08.2019 06:00;0.005;1
25.08.2019 07:00;0.061;1
25.08.2019 08:00;0.167;1
25.08.2019 09:00;0.27;1
25.08.2019 10:00;0.346;1
25.08.2019 11:00;0.445;1
25.08.2019 12:00;0.572;1
25.08.2019 13:00;0.595;1
25.08.2019 14:00;0.54;1
25.08.2019 15:00;0.414;1
25.08.2019 16:00;0.31;1
25.08.2019 17:00;0.284;1
25.08.2019 18:00;0.151;1
25.08.2019 19:00;0.034;1
25.08.2019 20:00;0;1
25.08.2019 21:00;0;1
25.08.2019 22:00;0;1
25.08.2019 23:00;0;1
26.08.2019 00:00;0;1
26.08.2019 01:00;0;1
26.08.2019 02:00;0;1
26.08.2019 03:00;0;1
26.08.2019 04:00;0;1
26.08.2019 05:00;0;1
26.08.2019 06:00;0.003;1
26.08.2019 07:00;0.053;1
26.08.2019 08:00;0.181;1
26.08.2019 09:00;0.39;1
26.08.2019 10:00;0.531;1
26.08.2019 11:00;0.62;1
26.08.2019 12:00;0.667;1
26.08.2019 13:00;0.673;1
26.08.2019 14:00;0.637;1
26.08.2019 15:00;0.563;1
26.08.2019 16:00;0.452;1
26.08.2019 17:00;0.312;1
26.08.2019 18:00;0.155;1
26.08.2019 19:00;0.031;1
26.08.2019 20:00;0;1
26.08.2019 21:00;0;1
26.08.2019 22:00;0;1
26.08.2019 23:00;0;1
27.08.2019 00:00;0;1
27.08.2019 01:00;0;1
27.08.2019 02:00;0;1
27.08.2019 03:00;0;1
27.08.2019 04:00;0;1
27.08.2019 05:00;0;1
27.08.2019 06:00;0.006;1
27.08.2019 07:00;0.073;1
27.08.2019 08:00;0.215;1
27.08.2019 09:00;0.379;1
27.08.2019 10:00;0.454;1
27.08.2019 11:00;0.463;1
27.08.2019 12:00;0.444;1
27.08.2019 13:00;0.454;1
27.08.2019 14:00;0.489;1
27.08.2019 15:00;0.526;1
27.08.2019 16:00;0.446;1
27.08.2019 17:00;0.3;1
27.08.2019 18:00;0.145;1
27.08.2019 19:00;0.029;1
27.08.2019 20:00;0;1
27.08.2019 21:00;0;1
27.08.2019 22:00;0;1
27.08.2019 23:00;0;1
28.08.2019 00:00;0;1
28.08.2019 01:00;0;1
28.08.2019 02:00;0;1
28.08.2019 03:00;0;1
28.08.2019 04:00;0;1
28.08.2019 05:00;0;1
28.08.2019 06:00;0.003;1
28.08.2019 07:00;0.055;1
28.08.2019 08:00;0.146;1
28.08.2019 09:00;0.237;1
28.08.2019 10:00;0.171;1
28.08.2019 11:00;0.167;1
28.08.2019 12:00;0.286;1
28.08.2019 13:00;0.229;1
28.08.2019 14:00;0.134;1
28.08.2019 15:00;0.081;1
28.08.2019 16:00;0.053;1
28.08.2019 17:00;0.059;1
28.08.2019 18:00;0.036;1
28.08.2019 19:00;0.006;1
28.08.2019 20:00;0;1
28.08.2019 21:00;0;1
28.08.2019 22:00;0;1
28.08.2019 23:00;0;1
29.08.2019 00:00;0;1
29.08.2019 01:00;0;1
29.08.2019 02:00;0;1
29.08.2019 03:00;0;1
29.08.2019 04:00;0;1
29.08.2019 05:00;0;1
29.08.2019 06:00;0;1
29.08.2019 07:00;0.015;1
29.08.2019 08:00;0.052;1
29.08.2019 09:00;0.096;1
29.08.2019 10:00;0.182;1
29.08.2019 11:00;0.182;1
29.08.2019 12:00;0.089;1
29.08.2019 13:00;0.078;1
29.08.2019 14:00;0.145;1
29.08.2019 15:00;0.286;1
29.08.2019 16:00;0.355;1
29.08.2019 17:00;0.28;1
29.08.2019 18:00;0.13;1
29.08.2019 19:00;0.018;1
29.08.2019 20:00;0;1
29.08.2019 21:00;0;1
29.08.2019 22:00;0;1
29.08.2019 23:00;0;1
30.08.2019 00:00;0;1
30.08.2019 01:00;0;1
30.08.2019 02:00;0;1
30.08.2019 03:00;0;1
30.08.2019 04:00;0;1
30.08.2019 05:00;0;1
30.08.2019 06:00;0;1
30.08.2019 07:00;0.044;1
30.08.2019 08:00;0.178;1
30.08.2019 09:00;0.321;1
30.08.2019 10:00;0.297;1
30.08.2019 11:00;0.274;1
30.08.2019 12:00;0.349;1
30.08.2019 13:00;0.483;1
30.08.2019 14:00;0.511;1
30.08.2019 15:00;0.435;1
30.08.2019 16:00;0.322;1
30.08.2019 17:00;0.221;1
30.08.2019 18:00;0.109;1
30.08.2019 19:00;0.015;1
30.08.2019 20:00;0;1
30.08.2019 21:00;0;1
30.08.2019 22:00;0;1
30.08.2019 23:00;0;1
31.08.2019 00:00;0;1
31.08.2019 01:00;0;1
31.08.2019 02:00;0;1
31.08.2019 03:00;0;1
31.08.2019 04:00;0;1
31.08.2019 05:00;0;1
31.08.2019 06:00;0;1
31.08.2019 07:00;0.015;1
31.08.2019 08:00;0.068;1
31.08.2019 09:00;0.16;1
31.08.2019 10:00;0.233;1
31.08.2019 11:00;0.284;1
31.08.2019 12:00;0.173;1
31.08.2019 13:00;0.121;1
31.08.2019 14:00;0.113;1
31.08.2019 15:00;0.121;1
31.08.2019 16:00;0.159;1
31.08.2019 17:00;0.093;1
31.08.2019 18:00;0.049;1
31.08.2019 19:00;0.016;1
31.08.2019 20:00;0;1
31.08.2019 21:00;0;1
31.08.2019 22:00;0;1
31.08.2019 23:00;0;1
01.09.2019 00:00;0;1
01.09.2019 01:00;0;1
01.09.2019 02:00;0;1
01.09.2019 03:00;0;1
01.09.2019 04:00;0;1
01.09.2019 05:00;0;1
01.09.2019 06:00;0;1
01.09.2019 07:00;0.003;1
01.09.2019 08:00;0.028;1
01.09.2019 09:00;0.063;1
01.09.2019 10:00;0.092;1
01.09.2019 11:00;0.152;1
01.09.2019 12:00;0.207;1
01.09.2019 13:00;0.451;1
01.09.2019 14:00;0.466;1
01.09.2019 15:00;0.139;1
01.09.2019 16:00;0.085;1
01.09.2019 17:00;0.06;1
01.09.2019 18:00;0.026;1
01.09.2019 19:00;0.012;1
01.09.2019 20:00;0;1
01.09.2019 21:00;0;1
01.09.2019 22:00;0;1
01.09.2019 23:00;0;1
02.09.2019 00:00;0;1
02.09.2019 01:00;0;1
02.09.2019 02:00;0;1
02.09.2019 03:00;0;1
02.09.2019 04:00;0;1
02.09.2019 05:00;0;1
02.09.2019 06:00;0;1
02.09.2019 07:00;0.06;1
02.09.2019 08:00;0.185;1
02.09.2019 09:00;0.325;1
02.09.2019 10:00;0.393;1
02.09.2019 11:00;0.39;1
02.09.2019 12:00;0.292;1
02.09.2019 13:00;0.251;1
02.09.2019 14:00;0.381;1
02.09.2019 15:00;0.303;1
02.09.2019 16:00;0.215;1
02.09.2019 17:00;0.193;1
02.09.2019 18:00;0.104;1
02.09.2019 19:00;0.017;1
02.09.2019 20:00;0;1
02.09.2019 21:00;0;1
02.09.2019 22:00;0;1
02.09.2019 23:00;0;1
03.09.2019 00:00;0;1
03.09.2019 01:00;0;1
03.09.2019 02:00;0;1
03.09.2019 03:00;0;1
03.09.2019 04:00;0;1
03.09.2019 05:00;0;1
03.09.2019 06:00;0;1
03.09.2019 07:00;0.002;1
03.09.2019 08:00;0.015;1
03.09.2019 09:00;0.041;1
03.09.2019 10:00;0.054;1
03.09.2019 11:00;0.076;1
03.09.2019 12:00;0.112;1
03.09.2019 13:00;0.16;1
03.09.2019 14:00;0.245;1
03.09.2019 15:00;0.36;1
03.09.2019 16:00;0.408;1
03.09.2019 17:00;0.294;1
03.09.2019 18:00;0.134;1
03.09.2019 19:00;0.017;1
03.09.2019 20:00;0;1
03.09.2019 21:00;0;1
03.09.2019 22:00;0;1
03.09.2019 23:00;0;1
04.09.2019 00:00;0;1
04.09.2019 01:00;0;1
04.09.2019 02:00;0;1
04.09.2019 03:00;0;1
04.09.2019 04:00;0;1
04.09.2019 05:00;0;1
04.09.2019 06:00;0;1
04.09.2019 07:00;0.042;1
04.09.2019 08:00;0.115;1
04.09.2019 09:00;0.14;1
04.09.2019 10:00;0.124;1
04.09.2019 11:00;0.117;1
04.09.2019 12:00;0.104;1
04.09.2019 13:00;0.112;1
04.09.2019 14:00;0.068;1
04.09.2019 15:00;0.045;1
04.09.2019 16:00;0.029;1
04.09.2019 17:00;0.013;1
04.09.2019 18:00;0;1
04.09.2019 19:00;0;1
04.09.2019 20:00;0;1
04.09.2019 21:00;0;1
04.09.2019 22:00;0;1
04.09.2019 23:00;0;1
05.09.2019 00:00;0;1
05.09.2019 01:00;0;1
05.09.2019 02:00;0;1
05.09.2019 03:00;0;1
05.09.2019 04:00;0;1
05.09.2019 05:00;0;1
05.09.2019 06:00;0;1
05.09.2019 07:00;0.018;1
05.09.2019 08:00;0.13;1
05.09.2019 09:00;0.364;1
05.09.2019 10:00;0.514;1
05.09.2019 11:00;0.598;1
05.09.2019 12:00;0.568;1
05.09.2019 13:00;0.32;1
05.09.2019 14:00;0.258;1
05.09.2019 15:00;0.19;1
05.09.2019 16:00;0.133;1
05.09.2019 17:00;0.081;1
05.09.2019 18:00;0.039;1
05.09.2019 19:00;0.004;1
05.09.2019 20:00;0;1
05.09.2019 21:00;0;1
05.09.2019 22:00;0;1
05.09.2019 23:00;0;1
06.09.2019 00:00;0;1
06.09.2019 01:00;0;1
06.09.2019 02:00;0;1
06.09.2019 03:00;0;1
06.09.2019 04:00;0;1
06.09.2019 05:00;0;1
06.09.2019 06:00;0;1
06.09.2019 07:00;0.06;1
06.09.2019 08:00;0.213;1
06.09.2019 09:00;0.331;1
06.09.2019 10:00;0.278;1
06.09.2019 11:00;0.184;1
06.09.2019 12:00;0.162;1
06.09.2019 13:00;0.224;1
06.09.2019 14:00;0.422;1
06.09.2019 15:00;0.409;1
06.09.2019 16:00;0.248;1
06.09.2019 17:00;0.08;1
06.09.2019 18:00;0.037;1
06.09.2019 19:00;0.002;1
06.09.2019 20:00;0;1
06.09.2019 21:00;0;1
06.09.2019 22:00;0;1
06.09.2019 23:00;0;1
07.09.2019 00:00;0;1
07.09.2019 01:00;0;1
07.09.2019 02:00;0;1
07.09.2019 03:00;0;1
07.09.2019 04:00;0;1
07.09.2019 05:00;0;1
07.09.2019 06:00;0;1
07.09.2019 07:00;0.001;1
07.09.2019 08:00;0.024;1
07.09.2019 09:00;0.056;1
07.09.2019 10:00;0.104;1
07.09.2019 11:00;0.157;1
07.09.2019 12:00;0.176;1
07.09.2019 13:00;0.184;1
07.09.2019 14:00;0.183;1
07.09.2019 15:00;0.138;1
07.09.2019 16:00;0.106;1
07.09.2019 17:00;0.066;1
07.09.2019 18:00;0.028;1
07.09.2019 19:00;0;1
07.09.2019 20:00;0;1
07.09.2019 21:00;0;1
07.09.2019 22:00;0;1
07.09.2019 23:00;0;1
08.09.2019 00:00;0;1
08.09.2019 01:00;0;1
08.09.2019 02:00;0;1
08.09.2019 03:00;0;1
08.09.2019 04:00;0;1
08.09.2019 05:00;0;1
08.09.2019 06:00;0;1
08.09.2019 07:00;0.029;1
08.09.2019 08:00;0.143;1
08.09.2019 09:00;0.285;1
08.09.2019 10:00;0.338;1
08.09.2019 11:00;0.276;1
08.09.2019 12:00;0.364;1
08.09.2019 13:00;0.438;1
08.09.2019 14:00;0.433;1
08.09.2019 15:00;0.333;1
08.09.2019 16:00;0.252;1
08.09.2019 17:00;0.153;1
08.09.2019 18:00;0.068;1
08.09.2019 19:00;0.004;1
08.09.2019 20:00;0;1
08.09.2019 21:00;0;1
08.09.2019 22:00;0;1
08.09.2019 23:00;0;1
09.09.2019 00:00;0;1
09.09.2019 01:00;0;1
09.09.2019 02:00;0;1
09.09.2019 03:00;0;1
09.09.2019 04:00;0;1
09.09.2019 05:00;0;1
09.09.2019 06:00;0;1
09.09.2019 07:00;0.007;1
09.09.2019 08:00;0.046;1
09.09.2019 09:00;0.174;1
09.09.2019 10:00;0.344;1
09.09.2019 11:00;0.513;1
09.09.2019 12:00;0.571;1
09.09.2019 13:00;0.447;1
09.09.2019 14:00;0.219;1
09.09.2019 15:00;0.123;1
09.09.2019 16:00;0.111;1
09.09.2019 17:00;0.074;1
09.09.2019 18:00;0.015;1
09.09.2019 19:00;0;1
09.09.2019 20:00;0;1
09.09.2019 21:00;0;1
09.09.2019 22:00;0;1
09.09.2019 23:00;0;1
10.09.2019 00:00;0;1
10.09.2019 01:00;0;1
10.09.2019 02:00;0;1
10.09.2019 03:00;0;1
10.09.2019 04:00;0;1
10.09.2019 05:00;0;1
10.09.2019 06:00;0;1
10.09.2019 07:00;0.008;1
10.09.2019 08:00;0.036;1
10.09.2019 09:00;0.054;1
10.09.2019 10:00;0.071;1
10.09.2019 11:00;0.08;1
10.09.2019 12:00;0.09;1
10.09.2019 13:00;0.111;1
10.09.2019 14:00;0.129;1
10.09.2019 15:00;0.162;1
10.09.2019 16:00;0.15;1
10.09.2019 17:00;0.111;1
10.09.2019 18:00;0.053;1
10.09.2019 19:00;0;1
10.09.2019 20:00;0;1
10.09.2019 21:00;0;1
10.09.2019 22:00;0;1
10.09.2019 23:00;0;1
11.09.2019 00:00;0;1
11.09.2019 01:00;0;1
11.09.2019 02:00;0;1
11.09.2019 03:00;0;1
11.09.2019 04:00;0;1
11.09.2019 05:00;0;1
11.09.2019 06:00;0;1
11.09.2019 07:00;0.011;1
11.09.2019 08:00;0.056;1
11.09.2019 09:00;0.074;1
11.09.2019 10:00;0.08;1
11.09.2019 11:00;0.136;1
11.09.2019 12:00;0.187;1
11.09.2019 13:00;0.153;1
11.09.2019 14:00;0.107;1
11.09.2019 15:00;0.069;1
11.09.2019 16:00;0.074;1
11.09.2019 17:00;0.054;1
11.09.2019 18:00;0.021;1
11.09.2019 19:00;0;1
11.09.2019 20:00;0;1
11.09.2019 21:00;0;1
11.09.2019 22:00;0;1
11.09.2019 23:00;0;1
12.09.2019 00:00;0;1
12.09.2019 01:00;0;1
12.09.2019 02:00;0;1
12.09.2019 03:00;0;1
12.09.2019 04:00;0;1
12.09.2019 05:00;0;1
12.09.2019 06:00;0;1
12.09.2019 07:00;0.009;1
12.09.2019 08:00;0.131;1
12.09.2019 09:00;0.242;1
12.09.2019 10:00;0.253;1
12.09.2019 11:00;0.281;1
12.09.2019 12:00;0.502;1
12.09.2019 13:00;0.615;1
12.09.2019 14:00;0.532;1
12.09.2019 15:00;0.322;1
12.09.2019 16:00;0.199;1
12.09.2019 17:00;0.127;1
12.09.2019 18:00;0.067;1
12.09.2019 19:00;0;1
12.09.2019 20:00;0;1
12.09.2019 21:00;0;1
12.09.2019 22:00;0;1
12.09.2019 23:00;0;1
13.09.2019 00:00;0;1
13.09.2019 01:00;0;1
13.09.2019 02:00;0;1
13.09.2019 03:00;0;1
13.09.2019 04:00;0;1
13.09.2019 05:00;0;1
13.09.2019 06:00;0;1
13.09.2019 07:00;0.03;1
13.09.2019 08:00;0.191;1
13.09.2019 09:00;0.359;1
13.09.2019 10:00;0.482;1
13.09.2019 11:00;0.56;1
13.09.2019 12:00;0.589;1
13.09.2019 13:00;0.547;1
13.09.2019 14:00;0.453;1
13.09.2019 15:00;0.341;1
13.09.2019 16:00;0.236;1
13.09.2019 17:00;0.144;1
13.09.2019 18:00;0.055;1
13.09.2019 19:00;0;1
13.09.2019 20:00;0;1
13.09.2019 21:00;0;1
13.09.2019 22:00;0;1
13.09.2019 23:00;0;1
14.09.2019 00:00;0;1
14.09.2019 01:00;0;1
14.09.2019 02:00;0;1
14.09.2019 03:00;0;1
14.09.2019 04:00;0;1
14.09.2019 05:00;0;1
14.09.2019 06:00;0;1
14.09.2019 07:00;0.025;1
14.09.2019 08:00;0.15;1
14.09.2019 09:00;0.302;1
14.09.2019 10:00;0.455;1
14.09.2019 11:00;0.527;1
14.09.2019 12:00;0.537;1
14.09.2019 13:00;0.426;1
14.09.2019 14:00;0.219;1
14.09.2019 15:00;0.073;1
14.09.2019 16:00;0.057;1
14.09.2019 17:00;0.03;1
14.09.2019 18:00;0.001;1
14.09.2019 19:00;0;1
14.09.2019 20:00;0;1
14.09.2019 21:00;0;1
14.09.2019 22:00;0;1
14.09.2019 23:00;0;1
15.09.2019 00:00;0;1
15.09.2019 01:00;0;1
15.09.2019 02:00;0;1
15.09.2019 03:00;0;1
15.09.2019 04:00;0;1
15.09.2019 05:00;0;1
15.09.2019 06:00;0;1
15.09.2019 07:00;0.025;1
15.09.2019 08:00;0.17;1
15.09.2019 09:00;0.345;1
15.09.2019 10:00;0.491;1
15.09.2019 11:00;0.597;1
15.09.2019 12:00;0.594;1
15.09.2019 13:00;0.555;1
15.09.2019 14:00;0.551;1
15.09.2019 15:00;0.491;1
15.09.2019 16:00;0.368;1
15.09.2019 17:00;0.178;1
15.09.2019 18:00;0.038;1
15.09.2019 19:00;0;1
15.09.2019 20:00;0;1
15.09.2019 21:00;0;1
15.09.2019 22:00;0;1
15.09.2019 23:00;0;1
16.09.2019 00:00;0;1
16.09.2019 01:00;0;1
16.09.2019 02:00;0;1
16.09.2019 03:00;0;1
16.09.2019 04:00;0;1
16.09.2019 05:00;0;1
16.09.2019 06:00;0;1
16.09.2019 07:00;0.001;1
16.09.2019 08:00;0.038;1
16.09.2019 09:00;0.117;1
16.09.2019 10:00;0.276;1
16.09.2019 11:00;0.497;1
16.09.2019 12:00;0.651;1
16.09.2019 13:00;0.687;1
16.09.2019 14:00;0.661;1
16.09.2019 15:00;0.574;1
16.09.2019 16:00;0.431;1
16.09.2019 17:00;0.249;1
16.09.2019 18:00;0.081;1
16.09.2019 19:00;0;1
16.09.2019 20:00;0;1
16.09.2019 21:00;0;1
16.09.2019 22:00;0;1
16.09.2019 23:00;0;1
17.09.2019 00:00;0;1
17.09.2019 01:00;0;1
17.09.2019 02:00;0;1
17.09.2019 03:00;0;1
17.09.2019 04:00;0;1
17.09.2019 05:00;0;1
17.09.2019 06:00;0;1
17.09.2019 07:00;0.003;1
17.09.2019 08:00;0.042;1
17.09.2019 09:00;0.093;1
17.09.2019 10:00;0.187;1
17.09.2019 11:00;0.397;1
17.09.2019 12:00;0.559;1
17.09.2019 13:00;0.664;1
17.09.2019 14:00;0.642;1
17.09.2019 15:00;0.545;1
17.09.2019 16:00;0.365;1
17.09.2019 17:00;0.206;1
17.09.2019 18:00;0.059;1
17.09.2019 19:00;0;1
17.09.2019 20:00;0;1
17.09.2019 21:00;0;1
17.09.2019 22:00;0;1
17.09.2019 23:00;0;1
18.09.2019 00:00;0;1
18.09.2019 01:00;0;1
18.09.2019 02:00;0;1
18.09.2019 03:00;0;1
18.09.2019 04:00;0;1
18.09.2019 05:00;0;1
18.09.2019 06:00;0;1
18.09.2019 07:00;0.005;1
18.09.2019 08:00;0.053;1
18.09.2019 09:00;0.112;1
18.09.2019 10:00;0.166;1
18.09.2019 11:00;0.237;1
18.09.2019 12:00;0.339;1
18.09.2019 13:00;0.415;1
18.09.2019 14:00;0.372;1
18.09.2019 15:00;0.284;1
18.09.2019 16:00;0.186;1
18.09.2019 17:00;0.096;1
18.09.2019 18:00;0.025;1
18.09.2019 19:00;0;1
18.09.2019 20:00;0;1
18.09.2019 21:00;0;1
18.09.2019 22:00;0;1
18.09.2019 23:00;0;1
19.09.2019 00:00;0;1
19.09.2019 01:00;0;1
19.09.2019 02:00;0;1
19.09.2019 03:00;0;1
19.09.2019 04:00;0;1
19.09.2019 05:00;0;1
19.09.2019 06:00;0;1
19.09.2019 07:00;0.007;1
19.09.2019 08:00;0.076;1
19.09.2019 09:00;0.191;1
19.09.2019 10:00;0.149;1
19.09.2019 11:00;0.116;1
19.09.2019 12:00;0.119;1
19.09.2019 13:00;0.138;1
19.09.2019 14:00;0.154;1
19.09.2019 15:00;0.133;1
19.09.2019 16:00;0.137;1
19.09.2019 17:00;0.064;1
19.09.2019 18:00;0.011;1
19.09.2019 19:00;0;1
19.09.2019 20:00;0;1
19.09.2019 21:00;0;1
19.09.2019 22:00;0;1
19.09.2019 23:00;0;1
20.09.2019 00:00;0;1
20.09.2019 01:00;0;1
20.09.2019 02:00;0;1
20.09.2019 03:00;0;1
20.09.2019 04:00;0;1
20.09.2019 05:00;0;1
20.09.2019 06:00;0;1
20.09.2019 07:00;0.003;1
20.09.2019 08:00;0.039;1
20.09.2019 09:00;0.087;1
20.09.2019 10:00;0.176;1
20.09.2019 11:00;0.448;1
20.09.2019 12:00;0.587;1
20.09.2019 13:00;0.629;1
20.09.2019 14:00;0.601;1
20.09.2019 15:00;0.522;1
20.09.2019 16:00;0.396;1
20.09.2019 17:00;0.226;1
20.09.2019 18:00;0.064;1
20.09.2019 19:00;0;1
20.09.2019 20:00;0;1
20.09.2019 21:00;0;1
20.09.2019 22:00;0;1
20.09.2019 23:00;0;1
21.09.2019 00:00;0;1
21.09.2019 01:00;0;1
21.09.2019 02:00;0;1
21.09.2019 03:00;0;1
21.09.2019 04:00;0;1
21.09.2019 05:00;0;1
21.09.2019 06:00;0;1
21.09.2019 07:00;0.011;1
21.09.2019 08:00;0.128;1
21.09.2019 09:00;0.344;1
21.09.2019 10:00;0.494;1
21.09.2019 11:00;0.595;1
21.09.2019 12:00;0.648;1
21.09.2019 13:00;0.653;1
21.09.2019 14:00;0.615;1
21.09.2019 15:00;0.533;1
21.09.2019 16:00;0.408;1
21.09.2019 17:00;0.244;1
21.09.2019 18:00;0.07;1
21.09.2019 19:00;0;1
21.09.2019 20:00;0;1
21.09.2019 21:00;0;1
21.09.2019 22:00;0;1
21.09.2019 23:00;0;1
22.09.2019 00:00;0;1
22.09.2019 01:00;0;1
22.09.2019 02:00;0;1
22.09.2019 03:00;0;1
22.09.2019 04:00;0;1
22.09.2019 05:00;0;1
22.09.2019 06:00;0;1
22.09.2019 07:00;0.009;1
22.09.2019 08:00;0.14;1
22.09.2019 09:00;0.306;1
22.09.2019 10:00;0.442;1
22.09.2019 11:00;0.56;1
22.09.2019 12:00;0.618;1
22.09.2019 13:00;0.62;1
22.09.2019 14:00;0.581;1
22.09.2019 15:00;0.461;1
22.09.2019 16:00;0.25;1
22.09.2019 17:00;0.082;1
22.09.2019 18:00;0.008;1
22.09.2019 19:00;0;1
22.09.2019 20:00;0;1
22.09.2019 21:00;0;1
22.09.2019 22:00;0;1
22.09.2019 23:00;0;1
23.09.2019 00:00;0;1
23.09.2019 01:00;0;1
23.09.2019 02:00;0;1
23.09.2019 03:00;0;1
23.09.2019 04:00;0;1
23.09.2019 05:00;0;1
23.09.2019 06:00;0;1
23.09.2019 07:00;0;1
23.09.2019 08:00;0.007;1
23.09.2019 09:00;0.027;1
23.09.2019 10:00;0.044;1
23.09.2019 11:00;0.061;1
23.09.2019 12:00;0.071;1
23.09.2019 13:00;0.075;1
23.09.2019 14:00;0.076;1
23.09.2019 15:00;0.073;1
23.09.2019 16:00;0.055;1
23.09.2019 17:00;0.034;1
23.09.2019 18:00;0.005;1
23.09.2019 19:00;0;1
23.09.2019 20:00;0;1
23.09.2019 21:00;0;1
23.09.2019 22:00;0;1
23.09.2019 23:00;0;1
24.09.2019 00:00;0;1
24.09.2019 01:00;0;1
24.09.2019 02:00;0;1
24.09.2019 03:00;0;1
24.09.2019 04:00;0;1
24.09.2019 05:00;0;1
24.09.2019 06:00;0;1
24.09.2019 07:00;0;1
24.09.2019 08:00;0.017;1
24.09.2019 09:00;0.073;1
24.09.2019 10:00;0.105;1
24.09.2019 11:00;0.124;1
24.09.2019 12:00;0.126;1
24.09.2019 13:00;0.145;1
24.09.2019 14:00;0.139;1
24.09.2019 15:00;0.12;1
24.09.2019 16:00;0.078;1
24.09.2019 17:00;0.034;1
24.09.2019 18:00;0.002;1
24.09.2019 19:00;0;1
24.09.2019 20:00;0;1
24.09.2019 21:00;0;1
24.09.2019 22:00;0;1
24.09.2019 23:00;0;1
25.09.2019 00:00;0;1
25.09.2019 01:00;0;1
25.09.2019 02:00;0;1
25.09.2019 03:00;0;1
25.09.2019 04:00;0;1
25.09.2019 05:00;0;1
25.09.2019 06:00;0;1
25.09.2019 07:00;0;1
25.09.2019 08:00;0.015;1
25.09.2019 09:00;0.053;1
25.09.2019 10:00;0.095;1
25.09.2019 11:00;0.128;1
25.09.2019 12:00;0.103;1
25.09.2019 13:00;0.103;1
25.09.2019 14:00;0.101;1
25.09.2019 15:00;0.101;1
25.09.2019 16:00;0.093;1
25.09.2019 17:00;0.035;1
25.09.2019 18:00;0.003;1
25.09.2019 19:00;0;1
25.09.2019 20:00;0;1
25.09.2019 21:00;0;1
25.09.2019 22:00;0;1
25.09.2019 23:00;0;1
26.09.2019 00:00;0;1
26.09.2019 01:00;0;1
26.09.2019 02:00;0;1
26.09.2019 03:00;0;1
26.09.2019 04:00;0;1
26.09.2019 05:00;0;1
26.09.2019 06:00;0;1
26.09.2019 07:00;0;1
26.09.2019 08:00;0.019;1
26.09.2019 09:00;0.051;1
26.09.2019 10:00;0.081;1
26.09.2019 11:00;0.177;1
26.09.2019 12:00;0.184;1
26.09.2019 13:00;0.137;1
26.09.2019 14:00;0.123;1
26.09.2019 15:00;0.092;1
26.09.2019 16:00;0.076;1
26.09.2019 17:00;0.035;1
26.09.2019 18:00;0.006;1
26.09.2019 19:00;0;1
26.09.2019 20:00;0;1
26.09.2019 21:00;0;1
26.09.2019 22:00;0;1
26.09.2019 23:00;0;1
27.09.2019 00:00;0;1
27.09.2019 01:00;0;1
27.09.2019 02:00;0;1
27.09.2019 03:00;0;1
27.09.2019 04:00;0;1
27.09.2019 05:00;0;1
27.09.2019 06:00;0;1
27.09.2019 07:00;0;1
27.09.2019 08:00;0.015;1
27.09.2019 09:00;0.048;1
27.09.2019 10:00;0.071;1
27.09.2019 11:00;0.077;1
27.09.2019 12:00;0.077;1
27.09.2019 13:00;0.059;1
27.09.2019 14:00;0.04;1
27.09.2019 15:00;0.026;1
27.09.2019 16:00;0.014;1
27.09.2019 17:00;0.002;1
27.09.2019 18:00;0;1
27.09.2019 19:00;0;1
27.09.2019 20:00;0;1
27.09.2019 21:00;0;1
27.09.2019 22:00;0;1
27.09.2019 23:00;0;1
28.09.2019 00:00;0;1
28.09.2019 01:00;0;1
28.09.2019 02:00;0;1
28.09.2019 03:00;0;1
28.09.2019 04:00;0;1
28.09.2019 05:00;0;1
28.09.2019 06:00;0;1
28.09.2019 07:00;0;1
28.09.2019 08:00;0.002;1
28.09.2019 09:00;0.02;1
28.09.2019 10:00;0.041;1
28.09.2019 11:00;0.058;1
28.09.2019 12:00;0.07;1
28.09.2019 13:00;0.074;1
28.09.2019 14:00;0.07;1
28.09.2019 15:00;0.058;1
28.09.2019 16:00;0.043;1
28.09.2019 17:00;0.032;1
28.09.2019 18:00;0.002;1
28.09.2019 19:00;0;1
28.09.2019 20:00;0;1
28.09.2019 21:00;0;1
28.09.2019 22:00;0;1
28.09.2019 23:00;0;1
29.09.2019 00:00;0;1
29.09.2019 01:00;0;1
29.09.2019 02:00;0;1
29.09.2019 03:00;0;1
29.09.2019 04:00;0;1
29.09.2019 05:00;0;1
29.09.2019 06:00;0;1
29.09.2019 07:00;0;1
29.09.2019 08:00;0.005;1
29.09.2019 09:00;0.033;1
29.09.2019 10:00;0.065;1
29.09.2019 11:00;0.098;1
29.09.2019 12:00;0.137;1
29.09.2019 13:00;0.282;1
29.09.2019 14:00;0.213;1
29.09.2019 15:00;0.244;1
29.09.2019 16:00;0.166;1
29.09.2019 17:00;0.072;1
29.09.2019 18:00;0.011;1
29.09.2019 19:00;0;1
29.09.2019 20:00;0;1
29.09.2019 21:00;0;1
29.09.2019 22:00;0;1
29.09.2019 23:00;0;1
30.09.2019 00:00;0;1
30.09.2019 01:00;0;1
30.09.2019 02:00;0;1
30.09.2019 03:00;0;1
30.09.2019 04:00;0;1
30.09.2019 05:00;0;1
30.09.2019 06:00;0;1
30.09.2019 07:00;0;1
30.09.2019 08:00;0.034;1
30.09.2019 09:00;0.127;1
30.09.2019 10:00;0.205;1
30.09.2019 11:00;0.227;1
30.09.2019 12:00;0.225;1
30.09.2019 13:00;0.181;1
30.09.2019 14:00;0.165;1
30.09.2019 15:00;0.111;1
30.09.2019 16:00;0.097;1
30.09.2019 17:00;0.07;1
30.09.2019 18:00;0.01;1
30.09.2019 19:00;0;1
30.09.2019 20:00;0;1
30.09.2019 21:00;0;1
30.09.2019 22:00;0;1
30.09.2019 23:00;0;1
01.10.2019 00:00;0;1
01.10.2019 01:00;0;1
01.10.2019 02:00;0;1
01.10.2019 03:00;0;1
01.10.2019 04:00;0;1
01.10.2019 05:00;0;1
01.10.2019 06:00;0;1
01.10.2019 07:00;0;1
01.10.2019 08:00;0.059;1
01.10.2019 09:00;0.203;1
01.10.2019 10:00;0.376;1
01.10.2019 11:00;0.504;1
01.10.2019 12:00;0.571;1
01.10.2019 13:00;0.567;1
01.10.2019 14:00;0.522;1
01.10.2019 15:00;0.453;1
01.10.2019 16:00;0.32;1
01.10.2019 17:00;0.136;1
01.10.2019 18:00;0.01;1
01.10.2019 19:00;0;1
01.10.2019 20:00;0;1
01.10.2019 21:00;0;1
01.10.2019 22:00;0;1
01.10.2019 23:00;0;1
02.10.2019 00:00;0;1
02.10.2019 01:00;0;1
02.10.2019 02:00;0;1
02.10.2019 03:00;0;1
02.10.2019 04:00;0;1
02.10.2019 05:00;0;1
02.10.2019 06:00;0;1
02.10.2019 07:00;0;1
02.10.2019 08:00;0.024;1
02.10.2019 09:00;0.103;1
02.10.2019 10:00;0.224;1
02.10.2019 11:00;0.333;1
02.10.2019 12:00;0.395;1
02.10.2019 13:00;0.423;1
02.10.2019 14:00;0.404;1
02.10.2019 15:00;0.289;1
02.10.2019 16:00;0.192;1
02.10.2019 17:00;0.085;1
02.10.2019 18:00;0.007;1
02.10.2019 19:00;0;1
02.10.2019 20:00;0;1
02.10.2019 21:00;0;1
02.10.2019 22:00;0;1
02.10.2019 23:00;0;1
03.10.2019 00:00;0;1
03.10.2019 01:00;0;1
03.10.2019 02:00;0;1
03.10.2019 03:00;0;1
03.10.2019 04:00;0;1
03.10.2019 05:00;0;1
03.10.2019 06:00;0;1
03.10.2019 07:00;0;1
03.10.2019 08:00;0.007;1
03.10.2019 09:00;0.035;1
03.10.2019 10:00;0.06;1
03.10.2019 11:00;0.074;1
03.10.2019 12:00;0.091;1
03.10.2019 13:00;0.118;1
03.10.2019 14:00;0.137;1
03.10.2019 15:00;0.111;1
03.10.2019 16:00;0.077;1
03.10.2019 17:00;0.027;1
03.10.2019 18:00;0;1
03.10.2019 19:00;0;1
03.10.2019 20:00;0;1
03.10.2019 21:00;0;1
03.10.2019 22:00;0;1
03.10.2019 23:00;0;1
04.10.2019 00:00;0;1
04.10.2019 01:00;0;1
04.10.2019 02:00;0;1
04.10.2019 03:00;0;1
04.10.2019 04:00;0;1
04.10.2019 05:00;0;1
04.10.2019 06:00;0;1
04.10.2019 07:00;0;1
04.10.2019 08:00;0.025;1
04.10.2019 09:00;0.126;1
04.10.2019 10:00;0.293;1
04.10.2019 11:00;0.403;1
04.10.2019 12:00;0.431;1
04.10.2019 13:00;0.443;1
04.10.2019 14:00;0.411;1
04.10.2019 15:00;0.434;1
04.10.2019 16:00;0.305;1
04.10.2019 17:00;0.131;1
04.10.2019 18:00;0.003;1
04.10.2019 19:00;0;1
04.10.2019 20:00;0;1
04.10.2019 21:00;0;1
04.10.2019 22:00;0;1
04.10.2019 23:00;0;1
05.10.2019 00:00;0;1
05.10.2019 01:00;0;1
05.10.2019 02:00;0;1
05.10.2019 03:00;0;1
05.10.2019 04:00;0;1
05.10.2019 05:00;0;1
05.10.2019 06:00;0;1
05.10.2019 07:00;0;1
05.10.2019 08:00;0.09;1
05.10.2019 09:00;0.301;1
05.10.2019 10:00;0.476;1
05.10.2019 11:00;0.595;1
05.10.2019 12:00;0.658;1
05.10.2019 13:00;0.666;1
05.10.2019 14:00;0.618;1
05.10.2019 15:00;0.53;1
05.10.2019 16:00;0.374;1
05.10.2019 17:00;0.182;1
05.10.2019 18:00;0.01;1
05.10.2019 19:00;0;1
05.10.2019 20:00;0;1
05.10.2019 21:00;0;1
05.10.2019 22:00;0;1
05.10.2019 23:00;0;1
06.10.2019 00:00;0;1
06.10.2019 01:00;0;1
06.10.2019 02:00;0;1
06.10.2019 03:00;0;1
06.10.2019 04:00;0;1
06.10.2019 05:00;0;1
06.10.2019 06:00;0;1
06.10.2019 07:00;0;1
06.10.2019 08:00;0.077;1
06.10.2019 09:00;0.279;1
06.10.2019 10:00;0.459;1
06.10.2019 11:00;0.561;1
06.10.2019 12:00;0.629;1
06.10.2019 13:00;0.653;1
06.10.2019 14:00;0.602;1
06.10.2019 15:00;0.523;1
06.10.2019 16:00;0.389;1
06.10.2019 17:00;0.194;1
06.10.2019 18:00;0.008;1
06.10.2019 19:00;0;1
06.10.2019 20:00;0;1
06.10.2019 21:00;0;1
06.10.2019 22:00;0;1
06.10.2019 23:00;0;1
07.10.2019 00:00;0;1
07.10.2019 01:00;0;1
07.10.2019 02:00;0;1
07.10.2019 03:00;0;1
07.10.2019 04:00;0;1
07.10.2019 05:00;0;1
07.10.2019 06:00;0;1
07.10.2019 07:00;0;1
07.10.2019 08:00;0.066;1
07.10.2019 09:00;0.271;1
07.10.2019 10:00;0.445;1
07.10.2019 11:00;0.572;1
07.10.2019 12:00;0.646;1
07.10.2019 13:00;0.655;1
07.10.2019 14:00;0.613;1
07.10.2019 15:00;0.512;1
07.10.2019 16:00;0.348;1
07.10.2019 17:00;0.12;1
07.10.2019 18:00;0;1
07.10.2019 19:00;0;1
07.10.2019 20:00;0;1
07.10.2019 21:00;0;1
07.10.2019 22:00;0;1
07.10.2019 23:00;0;1
08.10.2019 00:00;0;1
08.10.2019 01:00;0;1
08.10.2019 02:00;0;1
08.10.2019 03:00;0;1
08.10.2019 04:00;0;1
08.10.2019 05:00;0;1
08.10.2019 06:00;0;1
08.10.2019 07:00;0;1
08.10.2019 08:00;0;1
08.10.2019 09:00;0.008;1
08.10.2019 10:00;0.028;1
08.10.2019 11:00;0.053;1
08.10.2019 12:00;0.099;1
08.10.2019 13:00;0.109;1
08.10.2019 14:00;0.095;1
08.10.2019 15:00;0.062;1
08.10.2019 16:00;0.029;1
08.10.2019 17:00;0.006;1
08.10.2019 18:00;0;1
08.10.2019 19:00;0;1
08.10.2019 20:00;0;1
08.10.2019 21:00;0;1
08.10.2019 22:00;0;1
08.10.2019 23:00;0;1
09.10.2019 00:00;0;1
09.10.2019 01:00;0;1
09.10.2019 02:00;0;1
09.10.2019 03:00;0;1
09.10.2019 04:00;0;1
09.10.2019 05:00;0;1
09.10.2019 06:00;0;1
09.10.2019 07:00;0;1
09.10.2019 08:00;0;1
09.10.2019 09:00;0.027;1
09.10.2019 10:00;0.045;1
09.10.2019 11:00;0.062;1
09.10.2019 12:00;0.065;1
09.10.2019 13:00;0.065;1
09.10.2019 14:00;0.069;1
09.10.2019 15:00;0.048;1
09.10.2019 16:00;0.025;1
09.10.2019 17:00;0.002;1
09.10.2019 18:00;0;1
09.10.2019 19:00;0;1
09.10.2019 20:00;0;1
09.10.2019 21:00;0;1
09.10.2019 22:00;0;1
09.10.2019 23:00;0;1
10.10.2019 00:00;0;1
10.10.2019 01:00;0;1
10.10.2019 02:00;0;1
10.10.2019 03:00;0;1
10.10.2019 04:00;0;1
10.10.2019 05:00;0;1
10.10.2019 06:00;0;1
10.10.2019 07:00;0;1
10.10.2019 08:00;0;1
10.10.2019 09:00;0.012;1
10.10.2019 10:00;0.023;1
10.10.2019 11:00;0.05;1
10.10.2019 12:00;0.068;1
10.10.2019 13:00;0.085;1
10.10.2019 14:00;0.09;1
10.10.2019 15:00;0.05;1
10.10.2019 16:00;0.018;1
10.10.2019 17:00;0;1
10.10.2019 18:00;0;1
10.10.2019 19:00;0;1
10.10.2019 20:00;0;1
10.10.2019 21:00;0;1
10.10.2019 22:00;0;1
10.10.2019 23:00;0;1
11.10.2019 00:00;0;1
11.10.2019 01:00;0;1
11.10.2019 02:00;0;1
11.10.2019 03:00;0;1
11.10.2019 04:00;0;1
11.10.2019 05:00;0;1
11.10.2019 06:00;0;1
11.10.2019 07:00;0;1
11.10.2019 08:00;0.002;1
11.10.2019 09:00;0.075;1
11.10.2019 10:00;0.155;1
11.10.2019 11:00;0.135;1
11.10.2019 12:00;0.094;1
11.10.2019 13:00;0.08;1
11.10.2019 14:00;0.065;1
11.10.2019 15:00;0.048;1
11.10.2019 16:00;0.02;1
11.10.2019 17:00;0;1
11.10.2019 18:00;0;1
11.10.2019 19:00;0;1
11.10.2019 20:00;0;1
11.10.2019 21:00;0;1
11.10.2019 22:00;0;1
11.10.2019 23:00;0;1
12.10.2019 00:00;0;1
12.10.2019 01:00;0;1
12.10.2019 02:00;0;1
12.10.2019 03:00;0;1
12.10.2019 04:00;0;1
12.10.2019 05:00;0;1
12.10.2019 06:00;0;1
12.10.2019 07:00;0;1
12.10.2019 08:00;0;1
12.10.2019 09:00;0.021;1
12.10.2019 10:00;0.053;1
12.10.2019 11:00;0.076;1
12.10.2019 12:00;0.081;1
12.10.2019 13:00;0.077;1
12.10.2019 14:00;0.075;1
12.10.2019 15:00;0.035;1
12.10.2019 16:00;0.011;1
12.10.2019 17:00;0;1
12.10.2019 18:00;0;1
12.10.2019 19:00;0;1
12.10.2019 20:00;0;1
12.10.2019 21:00;0;1
12.10.2019 22:00;0;1
12.10.2019 23:00;0;1
13.10.2019 00:00;0;1
13.10.2019 01:00;0;1
13.10.2019 02:00;0;1
13.10.2019 03:00;0;1
13.10.2019 04:00;0;1
13.10.2019 05:00;0;1
13.10.2019 06:00;0;1
13.10.2019 07:00;0;1
13.10.2019 08:00;0.002;1
13.10.2019 09:00;0.054;1
13.10.2019 10:00;0.098;1
13.10.2019 11:00;0.136;1
13.10.2019 12:00;0.16;1
13.10.2019 13:00;0.161;1
13.10.2019 14:00;0.126;1
13.10.2019 15:00;0.091;1
13.10.2019 16:00;0.049;1
13.10.2019 17:00;0.009;1
13.10.2019 18:00;0;1
13.10.2019 19:00;0;1
13.10.2019 20:00;0;1
13.10.2019 21:00;0;1
13.10.2019 22:00;0;1
13.10.2019 23:00;0;1
14.10.2019 00:00;0;1
14.10.2019 01:00;0;1
14.10.2019 02:00;0;1
14.10.2019 03:00;0;1
14.10.2019 04:00;0;1
14.10.2019 05:00;0;1
14.10.2019 06:00;0;1
14.10.2019 07:00;0;1
14.10.2019 08:00;0;1
14.10.2019 09:00;0.031;1
14.10.2019 10:00;0.077;1
14.10.2019 11:00;0.121;1
14.10.2019 12:00;0.207;1
14.10.2019 13:00;0.316;1
14.10.2019 14:00;0.399;1
14.10.2019 15:00;0.306;1
14.10.2019 16:00;0.187;1
14.10.2019 17:00;0.073;1
14.10.2019 18:00;0;1
14.10.2019 19:00;0;1
14.10.2019 20:00;0;1
14.10.2019 21:00;0;1
14.10.2019 22:00;0;1
14.10.2019 23:00;0;1
15.10.2019 00:00;0;1
15.10.2019 01:00;0;1
15.10.2019 02:00;0;1
15.10.2019 03:00;0;1
15.10.2019 04:00;0;1
15.10.2019 05:00;0;1
15.10.2019 06:00;0;1
15.10.2019 07:00;0;1
15.10.2019 08:00;0;1
15.10.2019 09:00;0.002;1
15.10.2019 10:00;0.008;1
15.10.2019 11:00;0.02;1
15.10.2019 12:00;0.024;1
15.10.2019 13:00;0.025;1
15.10.2019 14:00;0.025;1
15.10.2019 15:00;0.016;1
15.10.2019 16:00;0.004;1
15.10.2019 17:00;0;1
15.10.2019 18:00;0;1
15.10.2019 19:00;0;1
15.10.2019 20:00;0;1
15.10.2019 21:00;0;1
15.10.2019 22:00;0;1
15.10.2019 23:00;0;1
16.10.2019 00:00;0;1
16.10.2019 01:00;0;1
16.10.2019 02:00;0;1
16.10.2019 03:00;0;1
16.10.2019 04:00;0;1
16.10.2019 05:00;0;1
16.10.2019 06:00;0;1
16.10.2019 07:00;0;1
16.10.2019 08:00;0;1
16.10.2019 09:00;0;1
16.10.2019 10:00;0.007;1
16.10.2019 11:00;0.019;1
16.10.2019 12:00;0.028;1
16.10.2019 13:00;0.026;1
16.10.2019 14:00;0.017;1
16.10.2019 15:00;0.009;1
16.10.2019 16:00;0.001;1
16.10.2019 17:00;0;1
16.10.2019 18:00;0;1
16.10.2019 19:00;0;1
16.10.2019 20:00;0;1
16.10.2019 21:00;0;1
16.10.2019 22:00;0;1
16.10.2019 23:00;0;1
17.10.2019 00:00;0;1
17.10.2019 01:00;0;1
17.10.2019 02:00;0;1
17.10.2019 03:00;0;1
17.10.2019 04:00;0;1
17.10.2019 05:00;0;1
17.10.2019 06:00;0;1
17.10.2019 07:00;0;1
17.10.2019 08:00;0;1
17.10.2019 09:00;0.028;1
17.10.2019 10:00;0.081;1
17.10.2019 11:00;0.135;1
17.10.2019 12:00;0.193;1
17.10.2019 13:00;0.189;1
17.10.2019 14:00;0.094;1
17.10.2019 15:00;0.043;1
17.10.2019 16:00;0.018;1
17.10.2019 17:00;0;1
17.10.2019 18:00;0;1
17.10.2019 19:00;0;1
17.10.2019 20:00;0;1
17.10.2019 21:00;0;1
17.10.2019 22:00;0;1
17.10.2019 23:00;0;1
18.10.2019 00:00;0;1
18.10.2019 01:00;0;1
18.10.2019 02:00;0;1
18.10.2019 03:00;0;1
18.10.2019 04:00;0;1
18.10.2019 05:00;0;1
18.10.2019 06:00;0;1
18.10.2019 07:00;0;1
18.10.2019 08:00;0;1
18.10.2019 09:00;0;1
18.10.2019 10:00;0.017;1
18.10.2019 11:00;0.034;1
18.10.2019 12:00;0.048;1
18.10.2019 13:00;0.049;1
18.10.2019 14:00;0.04;1
18.10.2019 15:00;0.03;1
18.10.2019 16:00;0.015;1
18.10.2019 17:00;0;1
18.10.2019 18:00;0;1
18.10.2019 19:00;0;1
18.10.2019 20:00;0;1
18.10.2019 21:00;0;1
18.10.2019 22:00;0;1
18.10.2019 23:00;0;1
19.10.2019 00:00;0;1
19.10.2019 01:00;0;1
19.10.2019 02:00;0;1
19.10.2019 03:00;0;1
19.10.2019 04:00;0;1
19.10.2019 05:00;0;1
19.10.2019 06:00;0;1
19.10.2019 07:00;0;1
19.10.2019 08:00;0;1
19.10.2019 09:00;0;1
19.10.2019 10:00;0.009;1
19.10.2019 11:00;0.02;1
19.10.2019 12:00;0.029;1
19.10.2019 13:00;0.042;1
19.10.2019 14:00;0.052;1
19.10.2019 15:00;0.033;1
19.10.2019 16:00;0.011;1
19.10.2019 17:00;0;1
19.10.2019 18:00;0;1
19.10.2019 19:00;0;1
19.10.2019 20:00;0;1
19.10.2019 21:00;0;1
19.10.2019 22:00;0;1
19.10.2019 23:00;0;1
20.10.2019 00:00;0;1
20.10.2019 01:00;0;1
20.10.2019 02:00;0;1
20.10.2019 03:00;0;1
20.10.2019 04:00;0;1
20.10.2019 05:00;0;1
20.10.2019 06:00;0;1
20.10.2019 07:00;0;1
20.10.2019 08:00;0;1
20.10.2019 09:00;0;1
20.10.2019 10:00;0.01;1
20.10.2019 11:00;0.024;1
20.10.2019 12:00;0.035;1
20.10.2019 13:00;0.043;1
20.10.2019 14:00;0.054;1
20.10.2019 15:00;0.065;1
20.10.2019 16:00;0.036;1
20.10.2019 17:00;0.004;1
20.10.2019 18:00;0;1
20.10.2019 19:00;0;1
20.10.2019 20:00;0;1
20.10.2019 21:00;0;1
20.10.2019 22:00;0;1
20.10.2019 23:00;0;1
21.10.2019 00:00;0;1
21.10.2019 01:00;0;1
21.10.2019 02:00;0;1
21.10.2019 03:00;0;1
21.10.2019 04:00;0;1
21.10.2019 05:00;0;1
21.10.2019 06:00;0;1
21.10.2019 07:00;0;1
21.10.2019 08:00;0;1
21.10.2019 09:00;0.106;1
21.10.2019 10:00;0.266;1
21.10.2019 11:00;0.256;1
21.10.2019 12:00;0.202;1
21.10.2019 13:00;0.149;1
21.10.2019 14:00;0.104;1
21.10.2019 15:00;0.068;1
21.10.2019 16:00;0.022;1
21.10.2019 17:00;0;1
21.10.2019 18:00;0;1
21.10.2019 19:00;0;1
21.10.2019 20:00;0;1
21.10.2019 21:00;0;1
21.10.2019 22:00;0;1
21.10.2019 23:00;0;1
22.10.2019 00:00;0;1
22.10.2019 01:00;0;1
22.10.2019 02:00;0;1
22.10.2019 03:00;0;1
22.10.2019 04:00;0;1
22.10.2019 05:00;0;1
22.10.2019 06:00;0;1
22.10.2019 07:00;0;1
22.10.2019 08:00;0;1
22.10.2019 09:00;0;1
22.10.2019 10:00;0.019;1
22.10.2019 11:00;0.035;1
22.10.2019 12:00;0.046;1
22.10.2019 13:00;0.056;1
22.10.2019 14:00;0.108;1
22.10.2019 15:00;0.108;1
22.10.2019 16:00;0.058;1
22.10.2019 17:00;0.006;1
22.10.2019 18:00;0;1
22.10.2019 19:00;0;1
22.10.2019 20:00;0;1
22.10.2019 21:00;0;1
22.10.2019 22:00;0;1
22.10.2019 23:00;0;1
23.10.2019 00:00;0;1
23.10.2019 01:00;0;1
23.10.2019 02:00;0;1
23.10.2019 03:00;0;1
23.10.2019 04:00;0;1
23.10.2019 05:00;0;1
23.10.2019 06:00;0;1
23.10.2019 07:00;0;1
23.10.2019 08:00;0;1
23.10.2019 09:00;0.001;1
23.10.2019 10:00;0.017;1
23.10.2019 11:00;0.035;1
23.10.2019 12:00;0.048;1
23.10.2019 13:00;0.053;1
23.10.2019 14:00;0.045;1
23.10.2019 15:00;0.02;1
23.10.2019 16:00;0.005;1
23.10.2019 17:00;0;1
23.10.2019 18:00;0;1
23.10.2019 19:00;0;1
23.10.2019 20:00;0;1
23.10.2019 21:00;0;1
23.10.2019 22:00;0;1
23.10.2019 23:00;0;1
24.10.2019 00:00;0;1
24.10.2019 01:00;0;1
24.10.2019 02:00;0;1
24.10.2019 03:00;0;1
24.10.2019 04:00;0;1
24.10.2019 05:00;0;1
24.10.2019 06:00;0;1
24.10.2019 07:00;0;1
24.10.2019 08:00;0;1
24.10.2019 09:00;0;1
24.10.2019 10:00;0.004;1
24.10.2019 11:00;0.019;1
24.10.2019 12:00;0.025;1
24.10.2019 13:00;0.014;1
24.10.2019 14:00;0.009;1
24.10.2019 15:00;0.006;1
24.10.2019 16:00;0;1
24.10.2019 17:00;0;1
24.10.2019 18:00;0;1
24.10.2019 19:00;0;1
24.10.2019 20:00;0;1
24.10.2019 21:00;0;1
24.10.2019 22:00;0;1
24.10.2019 23:00;0;1
25.10.2019 00:00;0;1
25.10.2019 01:00;0;1
25.10.2019 02:00;0;1
25.10.2019 03:00;0;1
25.10.2019 04:00;0;1
25.10.2019 05:00;0;1
25.10.2019 06:00;0;1
25.10.2019 07:00;0;1
25.10.2019 08:00;0;1
25.10.2019 09:00;0.002;1
25.10.2019 10:00;0.035;1
25.10.2019 11:00;0.089;1
25.10.2019 12:00;0.171;1
25.10.2019 13:00;0.415;1
25.10.2019 14:00;0.471;1
25.10.2019 15:00;0.37;1
25.10.2019 16:00;0.191;1
25.10.2019 17:00;0.015;1
25.10.2019 18:00;0;1
25.10.2019 19:00;0;1
25.10.2019 20:00;0;1
25.10.2019 21:00;0;1
25.10.2019 22:00;0;1
25.10.2019 23:00;0;1
26.10.2019 00:00;0;1
26.10.2019 01:00;0;1
26.10.2019 02:00;0;1
26.10.2019 03:00;0;1
26.10.2019 04:00;0;1
26.10.2019 05:00;0;1
26.10.2019 06:00;0;1
26.10.2019 07:00;0;1
26.10.2019 08:00;0;1
26.10.2019 09:00;0.014;1
26.10.2019 10:00;0.093;1
26.10.2019 11:00;0.253;1
26.10.2019 12:00;0.352;1
26.10.2019 13:00;0.432;1
26.10.2019 14:00;0.439;1
26.10.2019 15:00;0.331;1
26.10.2019 16:00;0.192;1
26.10.2019 17:00;0.016;1
26.10.2019 18:00;0;1
26.10.2019 19:00;0;1
26.10.2019 20:00;0;1
26.10.2019 21:00;0;1
26.10.2019 22:00;0;1
26.10.2019 23:00;0;1
27.10.2019 00:00;0;1
27.10.2019 01:00;0;1
27.10.2019 02:00;0;1
27.10.2019 02:00;0;1
27.10.2019 03:00;0;1
27.10.2019 04:00;0;1
27.10.2019 05:00;0;1
27.10.2019 06:00;0;1
27.10.2019 07:00;0;1
27.10.2019 08:00;0.071;1
27.10.2019 09:00;0.285;1
27.10.2019 10:00;0.438;1
27.10.2019 11:00;0.445;1
27.10.2019 12:00;0.352;1
27.10.2019 13:00;0.109;1
27.10.2019 14:00;0.046;1
27.10.2019 15:00;0.028;1
27.10.2019 16:00;0;1
27.10.2019 17:00;0;1
27.10.2019 18:00;0;1
27.10.2019 19:00;0;1
27.10.2019 20:00;0;1
27.10.2019 21:00;0;1
27.10.2019 22:00;0;1
27.10.2019 23:00;0;1
28.10.2019 00:00;0;1
28.10.2019 01:00;0;1
28.10.2019 02:00;0;1
28.10.2019 03:00;0;1
28.10.2019 04:00;0;1
28.10.2019 05:00;0;1
28.10.2019 06:00;0;1
28.10.2019 07:00;0;1
28.10.2019 08:00;0.031;1
28.10.2019 09:00;0.122;1
28.10.2019 10:00;0.186;1
28.10.2019 11:00;0.215;1
28.10.2019 12:00;0.206;1
28.10.2019 13:00;0.188;1
28.10.2019 14:00;0.139;1
28.10.2019 15:00;0.07;1
28.10.2019 16:00;0;1
28.10.2019 17:00;0;1
28.10.2019 18:00;0;1
28.10.2019 19:00;0;1
28.10.2019 20:00;0;1
28.10.2019 21:00;0;1
28.10.2019 22:00;0;1
28.10.2019 23:00;0;1
29.10.2019 00:00;0;1
29.10.2019 01:00;0;1
29.10.2019 02:00;0;1
29.10.2019 03:00;0;1
29.10.2019 04:00;0;1
29.10.2019 05:00;0;1
29.10.2019 06:00;0;1
29.10.2019 07:00;0;1
29.10.2019 08:00;0.061;1
29.10.2019 09:00;0.246;1
29.10.2019 10:00;0.384;1
29.10.2019 11:00;0.443;1
29.10.2019 12:00;0.431;1
29.10.2019 13:00;0.345;1
29.10.2019 14:00;0.222;1
29.10.2019 15:00;0.078;1
29.10.2019 16:00;0;1
29.10.2019 17:00;0;1
29.10.2019 18:00;0;1
29.10.2019 19:00;0;1
29.10.2019 20:00;0;1
29.10.2019 21:00;0;1
29.10.2019 22:00;0;1
29.10.2019 23:00;0;1
30.10.2019 00:00;0;1
30.10.2019 01:00;0;1
30.10.2019 02:00;0;1
30.10.2019 03:00;0;1
30.10.2019 04:00;0;1
30.10.2019 05:00;0;1
30.10.2019 06:00;0;1
30.10.2019 07:00;0;1
30.10.2019 08:00;0;1
30.10.2019 09:00;0.023;1
30.10.2019 10:00;0.052;1
30.10.2019 11:00;0.094;1
30.10.2019 12:00;0.141;1
30.10.2019 13:00;0.213;1
30.10.2019 14:00;0.195;1
30.10.2019 15:00;0.089;1
30.10.2019 16:00;0;1
30.10.2019 17:00;0;1
30.10.2019 18:00;0;1
30.10.2019 19:00;0;1
30.10.2019 20:00;0;1
30.10.2019 21:00;0;1
30.10.2019 22:00;0;1
30.10.2019 23:00;0;1
31.10.2019 00:00;0;1
31.10.2019 01:00;0;1
31.10.2019 02:00;0;1
31.10.2019 03:00;0;1
31.10.2019 04:00;0;1
31.10.2019 05:00;0;1
31.10.2019 06:00;0;1
31.10.2019 07:00;0;1
31.10.2019 08:00;0.008;1
31.10.2019 09:00;0.082;1
31.10.2019 10:00;0.194;1
31.10.2019 11:00;0.268;1
31.10.2019 12:00;0.298;1
31.10.2019 13:00;0.289;1
31.10.2019 14:00;0.21;1
31.10.2019 15:00;0.072;1
31.10.2019 16:00;0;1
31.10.2019 17:00;0;1
31.10.2019 18:00;0;1
31.10.2019 19:00;0;1
31.10.2019 20:00;0;1
31.10.2019 21:00;0;1
31.10.2019 22:00;0;1
31.10.2019 23:00;0;1
01.11.2019 00:00;0;1
01.11.2019 01:00;0;1
01.11.2019 02:00;0;1
01.11.2019 03:00;0;1
01.11.2019 04:00;0;1
01.11.2019 05:00;0;1
01.11.2019 06:00;0;1
01.11.2019 07:00;0;1
01.11.2019 08:00;0.005;1
01.11.2019 09:00;0.047;1
01.11.2019 10:00;0.104;1
01.11.2019 11:00;0.144;1
01.11.2019 12:00;0.142;1
01.11.2019 13:00;0.102;1
01.11.2019 14:00;0.035;1
01.11.2019 15:00;0.006;1
01.11.2019 16:00;0;1
01.11.2019 17:00;0;1
01.11.2019 18:00;0;1
01.11.2019 19:00;0;1
01.11.2019 20:00;0;1
01.11.2019 21:00;0;1
01.11.2019 22:00;0;1
01.11.2019 23:00;0;1
02.11.2019 00:00;0;1
02.11.2019 01:00;0;1
02.11.2019 02:00;0;1
02.11.2019 03:00;0;1
02.11.2019 04:00;0;1
02.11.2019 05:00;0;1
02.11.2019 06:00;0;1
02.11.2019 07:00;0;1
02.11.2019 08:00;0.014;1
02.11.2019 09:00;0.125;1
02.11.2019 10:00;0.301;1
02.11.2019 11:00;0.414;1
02.11.2019 12:00;0.495;1
02.11.2019 13:00;0.46;1
02.11.2019 14:00;0.352;1
02.11.2019 15:00;0.185;1
02.11.2019 16:00;0;1
02.11.2019 17:00;0;1
02.11.2019 18:00;0;1
02.11.2019 19:00;0;1
02.11.2019 20:00;0;1
02.11.2019 21:00;0;1
02.11.2019 22:00;0;1
02.11.2019 23:00;0;1
03.11.2019 00:00;0;1
03.11.2019 01:00;0;1
03.11.2019 02:00;0;1
03.11.2019 03:00;0;1
03.11.2019 04:00;0;1
03.11.2019 05:00;0;1
03.11.2019 06:00;0;1
03.11.2019 07:00;0;1
03.11.2019 08:00;0.039;1
03.11.2019 09:00;0.236;1
03.11.2019 10:00;0.419;1
03.11.2019 11:00;0.518;1
03.11.2019 12:00;0.542;1
03.11.2019 13:00;0.502;1
03.11.2019 14:00;0.393;1
03.11.2019 15:00;0.22;1
03.11.2019 16:00;0;1
03.11.2019 17:00;0;1
03.11.2019 18:00;0;1
03.11.2019 19:00;0;1
03.11.2019 20:00;0;1
03.11.2019 21:00;0;1
03.11.2019 22:00;0;1
03.11.2019 23:00;0;1
04.11.2019 00:00;0;1
04.11.2019 01:00;0;1
04.11.2019 02:00;0;1
04.11.2019 03:00;0;1
04.11.2019 04:00;0;1
04.11.2019 05:00;0;1
04.11.2019 06:00;0;1
04.11.2019 07:00;0;1
04.11.2019 08:00;0.023;1
04.11.2019 09:00;0.251;1
04.11.2019 10:00;0.434;1
04.11.2019 11:00;0.526;1
04.11.2019 12:00;0.551;1
04.11.2019 13:00;0.509;1
04.11.2019 14:00;0.399;1
04.11.2019 15:00;0.224;1
04.11.2019 16:00;0;1
04.11.2019 17:00;0;1
04.11.2019 18:00;0;1
04.11.2019 19:00;0;1
04.11.2019 20:00;0;1
04.11.2019 21:00;0;1
04.11.2019 22:00;0;1
04.11.2019 23:00;0;1
05.11.2019 00:00;0;1
05.11.2019 01:00;0;1
05.11.2019 02:00;0;1
05.11.2019 03:00;0;1
05.11.2019 04:00;0;1
05.11.2019 05:00;0;1
05.11.2019 06:00;0;1
05.11.2019 07:00;0;1
05.11.2019 08:00;0;1
05.11.2019 09:00;0.032;1
05.11.2019 10:00;0.071;1
05.11.2019 11:00;0.106;1
05.11.2019 12:00;0.13;1
05.11.2019 13:00;0.137;1
05.11.2019 14:00;0.117;1
05.11.2019 15:00;0.05;1
05.11.2019 16:00;0;1
05.11.2019 17:00;0;1
05.11.2019 18:00;0;1
05.11.2019 19:00;0;1
05.11.2019 20:00;0;1
05.11.2019 21:00;0;1
05.11.2019 22:00;0;1
05.11.2019 23:00;0;1
06.11.2019 00:00;0;1
06.11.2019 01:00;0;1
06.11.2019 02:00;0;1
06.11.2019 03:00;0;1
06.11.2019 04:00;0;1
06.11.2019 05:00;0;1
06.11.2019 06:00;0;1
06.11.2019 07:00;0;1
06.11.2019 08:00;0;1
06.11.2019 09:00;0.04;1
06.11.2019 10:00;0.093;1
06.11.2019 11:00;0.16;1
06.11.2019 12:00;0.229;1
06.11.2019 13:00;0.338;1
06.11.2019 14:00;0.297;1
06.11.2019 15:00;0.134;1
06.11.2019 16:00;0;1
06.11.2019 17:00;0;1
06.11.2019 18:00;0;1
06.11.2019 19:00;0;1
06.11.2019 20:00;0;1
06.11.2019 21:00;0;1
06.11.2019 22:00;0;1
06.11.2019 23:00;0;1
07.11.2019 00:00;0;1
07.11.2019 01:00;0;1
07.11.2019 02:00;0;1
07.11.2019 03:00;0;1
07.11.2019 04:00;0;1
07.11.2019 05:00;0;1
07.11.2019 06:00;0;1
07.11.2019 07:00;0;1
07.11.2019 08:00;0;1
07.11.2019 09:00;0.055;1
07.11.2019 10:00;0.142;1
07.11.2019 11:00;0.204;1
07.11.2019 12:00;0.247;1
07.11.2019 13:00;0.229;1
07.11.2019 14:00;0.138;1
07.11.2019 15:00;0.049;1
07.11.2019 16:00;0;1
07.11.2019 17:00;0;1
07.11.2019 18:00;0;1
07.11.2019 19:00;0;1
07.11.2019 20:00;0;1
07.11.2019 21:00;0;1
07.11.2019 22:00;0;1
07.11.2019 23:00;0;1
08.11.2019 00:00;0;1
08.11.2019 01:00;0;1
08.11.2019 02:00;0;1
08.11.2019 03:00;0;1
08.11.2019 04:00;0;1
08.11.2019 05:00;0;1
08.11.2019 06:00;0;1
08.11.2019 07:00;0;1
08.11.2019 08:00;0;1
08.11.2019 09:00;0.039;1
08.11.2019 10:00;0.082;1
08.11.2019 11:00;0.081;1
08.11.2019 12:00;0.072;1
08.11.2019 13:00;0.038;1
08.11.2019 14:00;0.015;1
08.11.2019 15:00;0;1
08.11.2019 16:00;0;1
08.11.2019 17:00;0;1
08.11.2019 18:00;0;1
08.11.2019 19:00;0;1
08.11.2019 20:00;0;1
08.11.2019 21:00;0;1
08.11.2019 22:00;0;1
08.11.2019 23:00;0;1
09.11.2019 00:00;0;1
09.11.2019 01:00;0;1
09.11.2019 02:00;0;1
09.11.2019 03:00;0;1
09.11.2019 04:00;0;1
09.11.2019 05:00;0;1
09.11.2019 06:00;0;1
09.11.2019 07:00;0;1
09.11.2019 08:00;0;1
09.11.2019 09:00;0.015;1
09.11.2019 10:00;0.039;1
09.11.2019 11:00;0.059;1
09.11.2019 12:00;0.066;1
09.11.2019 13:00;0.054;1
09.11.2019 14:00;0.03;1
09.11.2019 15:00;0.003;1
09.11.2019 16:00;0;1
09.11.2019 17:00;0;1
09.11.2019 18:00;0;1
09.11.2019 19:00;0;1
09.11.2019 20:00;0;1
09.11.2019 21:00;0;1
09.11.2019 22:00;0;1
09.11.2019 23:00;0;1
10.11.2019 00:00;0;1
10.11.2019 01:00;0;1
10.11.2019 02:00;0;1
10.11.2019 03:00;0;1
10.11.2019 04:00;0;1
10.11.2019 05:00;0;1
10.11.2019 06:00;0;1
10.11.2019 07:00;0;1
10.11.2019 08:00;0;1
10.11.2019 09:00;0.021;1
10.11.2019 10:00;0.058;1
10.11.2019 11:00;0.086;1
10.11.2019 12:00;0.086;1
10.11.2019 13:00;0.077;1
10.11.2019 14:00;0.048;1
10.11.2019 15:00;0.01;1
10.11.2019 16:00;0;1
10.11.2019 17:00;0;1
10.11.2019 18:00;0;1
10.11.2019 19:00;0;1
10.11.2019 20:00;0;1
10.11.2019 21:00;0;1
10.11.2019 22:00;0;1
10.11.2019 23:00;0;1
11.11.2019 00:00;0;1
11.11.2019 01:00;0;1
11.11.2019 02:00;0;1
11.11.2019 03:00;0;1
11.11.2019 04:00;0;1
11.11.2019 05:00;0;1
11.11.2019 06:00;0;1
11.11.2019 07:00;0;1
11.11.2019 08:00;0;1
11.11.2019 09:00;0.017;1
11.11.2019 10:00;0.048;1
11.11.2019 11:00;0.07;1
11.11.2019 12:00;0.074;1
11.11.2019 13:00;0.061;1
11.11.2019 14:00;0.034;1
11.11.2019 15:00;0.003;1
11.11.2019 16:00;0;1
11.11.2019 17:00;0;1
11.11.2019 18:00;0;1
11.11.2019 19:00;0;1
11.11.2019 20:00;0;1
11.11.2019 21:00;0;1
11.11.2019 22:00;0;1
11.11.2019 23:00;0;1
12.11.2019 00:00;0;1
12.11.2019 01:00;0;1
12.11.2019 02:00;0;1
12.11.2019 03:00;0;1
12.11.2019 04:00;0;1
12.11.2019 05:00;0;1
12.11.2019 06:00;0;1
12.11.2019 07:00;0;1
12.11.2019 08:00;0;1
12.11.2019 09:00;0;1
12.11.2019 10:00;0.006;1
12.11.2019 11:00;0.009;1
12.11.2019 12:00;0.008;1
12.11.2019 13:00;0.003;1
12.11.2019 14:00;0;1
12.11.2019 15:00;0;1
12.11.2019 16:00;0;1
12.11.2019 17:00;0;1
12.11.2019 18:00;0;1
12.11.2019 19:00;0;1
12.11.2019 20:00;0;1
12.11.2019 21:00;0;1
12.11.2019 22:00;0;1
12.11.2019 23:00;0;1
13.11.2019 00:00;0;1
13.11.2019 01:00;0;1
13.11.2019 02:00;0;1
13.11.2019 03:00;0;1
13.11.2019 04:00;0;1
13.11.2019 05:00;0;1
13.11.2019 06:00;0;1
13.11.2019 07:00;0;1
13.11.2019 08:00;0;1
13.11.2019 09:00;0.006;1
13.11.2019 10:00;0.036;1
13.11.2019 11:00;0.057;1
13.11.2019 12:00;0.062;1
13.11.2019 13:00;0.048;1
13.11.2019 14:00;0.023;1
13.11.2019 15:00;0;1
13.11.2019 16:00;0;1
13.11.2019 17:00;0;1
13.11.2019 18:00;0;1
13.11.2019 19:00;0;1
13.11.2019 20:00;0;1
13.11.2019 21:00;0;1
13.11.2019 22:00;0;1
13.11.2019 23:00;0;1
14.11.2019 00:00;0;1
14.11.2019 01:00;0;1
14.11.2019 02:00;0;1
14.11.2019 03:00;0;1
14.11.2019 04:00;0;1
14.11.2019 05:00;0;1
14.11.2019 06:00;0;1
14.11.2019 07:00;0;1
14.11.2019 08:00;0;1
14.11.2019 09:00;0.03;1
14.11.2019 10:00;0.107;1
14.11.2019 11:00;0.18;1
14.11.2019 12:00;0.186;1
14.11.2019 13:00;0.128;1
14.11.2019 14:00;0.06;1
14.11.2019 15:00;0.006;1
14.11.2019 16:00;0;1
14.11.2019 17:00;0;1
14.11.2019 18:00;0;1
14.11.2019 19:00;0;1
14.11.2019 20:00;0;1
14.11.2019 21:00;0;1
14.11.2019 22:00;0;1
14.11.2019 23:00;0;1
15.11.2019 00:00;0;1
15.11.2019 01:00;0;1
15.11.2019 02:00;0;1
15.11.2019 03:00;0;1
15.11.2019 04:00;0;1
15.11.2019 05:00;0;1
15.11.2019 06:00;0;1
15.11.2019 07:00;0;1
15.11.2019 08:00;0;1
15.11.2019 09:00;0.022;1
15.11.2019 10:00;0.086;1
15.11.2019 11:00;0.157;1
15.11.2019 12:00;0.153;1
15.11.2019 13:00;0.113;1
15.11.2019 14:00;0.088;1
15.11.2019 15:00;0.012;1
15.11.2019 16:00;0;1
15.11.2019 17:00;0;1
15.11.2019 18:00;0;1
15.11.2019 19:00;0;1
15.11.2019 20:00;0;1
15.11.2019 21:00;0;1
15.11.2019 22:00;0;1
15.11.2019 23:00;0;1
16.11.2019 00:00;0;1
16.11.2019 01:00;0;1
16.11.2019 02:00;0;1
16.11.2019 03:00;0;1
16.11.2019 04:00;0;1
16.11.2019 05:00;0;1
16.11.2019 06:00;0;1
16.11.2019 07:00;0;1
16.11.2019 08:00;0;1
16.11.2019 09:00;0;1
16.11.2019 10:00;0.012;1
16.11.2019 11:00;0.018;1
16.11.2019 12:00;0.016;1
16.11.2019 13:00;0.008;1
16.11.2019 14:00;0;1
16.11.2019 15:00;0;1
16.11.2019 16:00;0;1
16.11.2019 17:00;0;1
16.11.2019 18:00;0;1
16.11.2019 19:00;0;1
16.11.2019 20:00;0;1
16.11.2019 21:00;0;1
16.11.2019 22:00;0;1
16.11.2019 23:00;0;1
17.11.2019 00:00;0;1
17.11.2019 01:00;0;1
17.11.2019 02:00;0;1
17.11.2019 03:00;0;1
17.11.2019 04:00;0;1
17.11.2019 05:00;0;1
17.11.2019 06:00;0;1
17.11.2019 07:00;0;1
17.11.2019 08:00;0;1
17.11.2019 09:00;0.003;1
17.11.2019 10:00;0.028;1
17.11.2019 11:00;0.05;1
17.11.2019 12:00;0.067;1
17.11.2019 13:00;0.078;1
17.11.2019 14:00;0.051;1
17.11.2019 15:00;0.001;1
17.11.2019 16:00;0;1
17.11.2019 17:00;0;1
17.11.2019 18:00;0;1
17.11.2019 19:00;0;1
17.11.2019 20:00;0;1
17.11.2019 21:00;0;1
17.11.2019 22:00;0;1
17.11.2019 23:00;0;1
18.11.2019 00:00;0;1
18.11.2019 01:00;0;1
18.11.2019 02:00;0;1
18.11.2019 03:00;0;1
18.11.2019 04:00;0;1
18.11.2019 05:00;0;1
18.11.2019 06:00;0;1
18.11.2019 07:00;0;1
18.11.2019 08:00;0;1
18.11.2019 09:00;0;1
18.11.2019 10:00;0.004;1
18.11.2019 11:00;0.009;1
18.11.2019 12:00;0.008;1
18.11.2019 13:00;0.004;1
18.11.2019 14:00;0;1
18.11.2019 15:00;0;1
18.11.2019 16:00;0;1
18.11.2019 17:00;0;1
18.11.2019 18:00;0;1
18.11.2019 19:00;0;1
18.11.2019 20:00;0;1
18.11.2019 21:00;0;1
18.11.2019 22:00;0;1
18.11.2019 23:00;0;1
19.11.2019 00:00;0;1
19.11.2019 01:00;0;1
19.11.2019 02:00;0;1
19.11.2019 03:00;0;1
19.11.2019 04:00;0;1
19.11.2019 05:00;0;1
19.11.2019 06:00;0;1
19.11.2019 07:00;0;1
19.11.2019 08:00;0;1
19.11.2019 09:00;0;1
19.11.2019 10:00;0.002;1
19.11.2019 11:00;0.011;1
19.11.2019 12:00;0.013;1
19.11.2019 13:00;0.009;1
19.11.2019 14:00;0.001;1
19.11.2019 15:00;0;1
19.11.2019 16:00;0;1
19.11.2019 17:00;0;1
19.11.2019 18:00;0;1
19.11.2019 19:00;0;1
19.11.2019 20:00;0;1
19.11.2019 21:00;0;1
19.11.2019 22:00;0;1
19.11.2019 23:00;0;1
20.11.2019 00:00;0;1
20.11.2019 01:00;0;1
20.11.2019 02:00;0;1
20.11.2019 03:00;0;1
20.11.2019 04:00;0;1
20.11.2019 05:00;0;1
20.11.2019 06:00;0;1
20.11.2019 07:00;0;1
20.11.2019 08:00;0;1
20.11.2019 09:00;0.078;1
20.11.2019 10:00;0.239;1
20.11.2019 11:00;0.307;1
20.11.2019 12:00;0.298;1
20.11.2019 13:00;0.216;1
20.11.2019 14:00;0.1;1
20.11.2019 15:00;0.002;1
20.11.2019 16:00;0;1
20.11.2019 17:00;0;1
20.11.2019 18:00;0;1
20.11.2019 19:00;0;1
20.11.2019 20:00;0;1
20.11.2019 21:00;0;1
20.11.2019 22:00;0;1
20.11.2019 23:00;0;1
21.11.2019 00:00;0;1
21.11.2019 01:00;0;1
21.11.2019 02:00;0;1
21.11.2019 03:00;0;1
21.11.2019 04:00;0;1
21.11.2019 05:00;0;1
21.11.2019 06:00;0;1
21.11.2019 07:00;0;1
21.11.2019 08:00;0;1
21.11.2019 09:00;0;1
21.11.2019 10:00;0;1
21.11.2019 11:00;0.006;1
21.11.2019 12:00;0.011;1
21.11.2019 13:00;0.008;1
21.11.2019 14:00;0;1
21.11.2019 15:00;0;1
21.11.2019 16:00;0;1
21.11.2019 17:00;0;1
21.11.2019 18:00;0;1
21.11.2019 19:00;0;1
21.11.2019 20:00;0;1
21.11.2019 21:00;0;1
21.11.2019 22:00;0;1
21.11.2019 23:00;0;1
22.11.2019 00:00;0;1
22.11.2019 01:00;0;1
22.11.2019 02:00;0;1
22.11.2019 03:00;0;1
22.11.2019 04:00;0;1
22.11.2019 05:00;0;1
22.11.2019 06:00;0;1
22.11.2019 07:00;0;1
22.11.2019 08:00;0;1
22.11.2019 09:00;0;1
22.11.2019 10:00;0.009;1
22.11.2019 11:00;0.021;1
22.11.2019 12:00;0.027;1
22.11.2019 13:00;0.019;1
22.11.2019 14:00;0.002;1
22.11.2019 15:00;0;1
22.11.2019 16:00;0;1
22.11.2019 17:00;0;1
22.11.2019 18:00;0;1
22.11.2019 19:00;0;1
22.11.2019 20:00;0;1
22.11.2019 21:00;0;1
22.11.2019 22:00;0;1
22.11.2019 23:00;0;1
23.11.2019 00:00;0;1
23.11.2019 01:00;0;1
23.11.2019 02:00;0;1
23.11.2019 03:00;0;1
23.11.2019 04:00;0;1
23.11.2019 05:00;0;1
23.11.2019 06:00;0;1
23.11.2019 07:00;0;1
23.11.2019 08:00;0;1
23.11.2019 09:00;0;1
23.11.2019 10:00;0;1
23.11.2019 11:00;0.002;1
23.11.2019 12:00;0.002;1
23.11.2019 13:00;0.001;1
23.11.2019 14:00;0;1
23.11.2019 15:00;0;1
23.11.2019 16:00;0;1
23.11.2019 17:00;0;1
23.11.2019 18:00;0;1
23.11.2019 19:00;0;1
23.11.2019 20:00;0;1
23.11.2019 21:00;0;1
23.11.2019 22:00;0;1
23.11.2019 23:00;0;1
24.11.2019 00:00;0;1
24.11.2019 01:00;0;1
24.11.2019 02:00;0;1
24.11.2019 03:00;0;1
24.11.2019 04:00;0;1
24.11.2019 05:00;0;1
24.11.2019 06:00;0;1
24.11.2019 07:00;0;1
24.11.2019 08:00;0;1
24.11.2019 09:00;0;1
24.11.2019 10:00;0.008;1
24.11.2019 11:00;0.024;1
24.11.2019 12:00;0.029;1
24.11.2019 13:00;0.024;1
24.11.2019 14:00;0.009;1
24.11.2019 15:00;0;1
24.11.2019 16:00;0;1
24.11.2019 17:00;0;1
24.11.2019 18:00;0;1
24.11.2019 19:00;0;1
24.11.2019 20:00;0;1
24.11.2019 21:00;0;1
24.11.2019 22:00;0;1
24.11.2019 23:00;0;1
25.11.2019 00:00;0;1
25.11.2019 01:00;0;1
25.11.2019 02:00;0;1
25.11.2019 03:00;0;1
25.11.2019 04:00;0;1
25.11.2019 05:00;0;1
25.11.2019 06:00;0;1
25.11.2019 07:00;0;1
25.11.2019 08:00;0;1
25.11.2019 09:00;0;1
25.11.2019 10:00;0.025;1
25.11.2019 11:00;0.04;1
25.11.2019 12:00;0.032;1
25.11.2019 13:00;0.02;1
25.11.2019 14:00;0.006;1
25.11.2019 15:00;0;1
25.11.2019 16:00;0;1
25.11.2019 17:00;0;1
25.11.2019 18:00;0;1
25.11.2019 19:00;0;1
25.11.2019 20:00;0;1
25.11.2019 21:00;0;1
25.11.2019 22:00;0;1
25.11.2019 23:00;0;1
26.11.2019 00:00;0;1
26.11.2019 01:00;0;1
26.11.2019 02:00;0;1
26.11.2019 03:00;0;1
26.11.2019 04:00;0;1
26.11.2019 05:00;0;1
26.11.2019 06:00;0;1
26.11.2019 07:00;0;1
26.11.2019 08:00;0;1
26.11.2019 09:00;0;1
26.11.2019 10:00;0.02;1
26.11.2019 11:00;0.037;1
26.11.2019 12:00;0.033;1
26.11.2019 13:00;0.017;1
26.11.2019 14:00;0.001;1
26.11.2019 15:00;0;1
26.11.2019 16:00;0;1
26.11.2019 17:00;0;1
26.11.2019 18:00;0;1
26.11.2019 19:00;0;1
26.11.2019 20:00;0;1
26.11.2019 21:00;0;1
26.11.2019 22:00;0;1
26.11.2019 23:00;0;1
27.11.2019 00:00;0;1
27.11.2019 01:00;0;1
27.11.2019 02:00;0;1
27.11.2019 03:00;0;1
27.11.2019 04:00;0;1
27.11.2019 05:00;0;1
27.11.2019 06:00;0;1
27.11.2019 07:00;0;1
27.11.2019 08:00;0;1
27.11.2019 09:00;0;1
27.11.2019 10:00;0.013;1
27.11.2019 11:00;0.026;1
27.11.2019 12:00;0.03;1
27.11.2019 13:00;0.024;1
27.11.2019 14:00;0.008;1
27.11.2019 15:00;0;1
27.11.2019 16:00;0;1
27.11.2019 17:00;0;1
27.11.2019 18:00;0;1
27.11.2019 19:00;0;1
27.11.2019 20:00;0;1
27.11.2019 21:00;0;1
27.11.2019 22:00;0;1
27.11.2019 23:00;0;1
28.11.2019 00:00;0;1
28.11.2019 01:00;0;1
28.11.2019 02:00;0;1
28.11.2019 03:00;0;1
28.11.2019 04:00;0;1
28.11.2019 05:00;0;1
28.11.2019 06:00;0;1
28.11.2019 07:00;0;1
28.11.2019 08:00;0;1
28.11.2019 09:00;0;1
28.11.2019 10:00;0;1
28.11.2019 11:00;0.004;1
28.11.2019 12:00;0.006;1
28.11.2019 13:00;0.004;1
28.11.2019 14:00;0;1
28.11.2019 15:00;0;1
28.11.2019 16:00;0;1
28.11.2019 17:00;0;1
28.11.2019 18:00;0;1
28.11.2019 19:00;0;1
28.11.2019 20:00;0;1
28.11.2019 21:00;0;1
28.11.2019 22:00;0;1
28.11.2019 23:00;0;1
29.11.2019 00:00;0;1
29.11.2019 01:00;0;1
29.11.2019 02:00;0;1
29.11.2019 03:00;0;1
29.11.2019 04:00;0;1
29.11.2019 05:00;0;1
29.11.2019 06:00;0;1
29.11.2019 07:00;0;1
29.11.2019 08:00;0;1
29.11.2019 09:00;0.005;1
29.11.2019 10:00;0.084;1
29.11.2019 11:00;0.132;1
29.11.2019 12:00;0.13;1
29.11.2019 13:00;0.086;1
29.11.2019 14:00;0.029;1
29.11.2019 15:00;0;1
29.11.2019 16:00;0;1
29.11.2019 17:00;0;1
29.11.2019 18:00;0;1
29.11.2019 19:00;0;1
29.11.2019 20:00;0;1
29.11.2019 21:00;0;1
29.11.2019 22:00;0;1
29.11.2019 23:00;0;1
30.11.2019 00:00;0;1
30.11.2019 01:00;0;1
30.11.2019 02:00;0;1
30.11.2019 03:00;0;1
30.11.2019 04:00;0;1
30.11.2019 05:00;0;1
30.11.2019 06:00;0;1
30.11.2019 07:00;0;1
30.11.2019 08:00;0;1
30.11.2019 09:00;0.022;1
30.11.2019 10:00;0.164;1
30.11.2019 11:00;0.283;1
30.11.2019 12:00;0.31;1
30.11.2019 13:00;0.245;1
30.11.2019 14:00;0.11;1
30.11.2019 15:00;0;1
30.11.2019 16:00;0;1
30.11.2019 17:00;0;1
30.11.2019 18:00;0;1
30.11.2019 19:00;0;1
30.11.2019 20:00;0;1
30.11.2019 21:00;0;1
30.11.2019 22:00;0;1
30.11.2019 23:00;0;1
01.12.2019 00:00;0;1
01.12.2019 01:00;0;1
01.12.2019 02:00;0;1
01.12.2019 03:00;0;1
01.12.2019 04:00;0;1
01.12.2019 05:00;0;1
01.12.2019 06:00;0;1
01.12.2019 07:00;0;1
01.12.2019 08:00;0;1
01.12.2019 09:00;0;1
01.12.2019 10:00;0.019;1
01.12.2019 11:00;0.038;1
01.12.2019 12:00;0.04;1
01.12.2019 13:00;0.027;1
01.12.2019 14:00;0.005;1
01.12.2019 15:00;0;1
01.12.2019 16:00;0;1
01.12.2019 17:00;0;1
01.12.2019 18:00;0;1
01.12.2019 19:00;0;1
01.12.2019 20:00;0;1
01.12.2019 21:00;0;1
01.12.2019 22:00;0;1
01.12.2019 23:00;0;1
02.12.2019 00:00;0;1
02.12.2019 01:00;0;1
02.12.2019 02:00;0;1
02.12.2019 03:00;0;1
02.12.2019 04:00;0;1
02.12.2019 05:00;0;1
02.12.2019 06:00;0;1
02.12.2019 07:00;0;1
02.12.2019 08:00;0;1
02.12.2019 09:00;0.001;1
02.12.2019 10:00;0.044;1
02.12.2019 11:00;0.127;1
02.12.2019 12:00;0.166;1
02.12.2019 13:00;0.109;1
02.12.2019 14:00;0.046;1
02.12.2019 15:00;0;1
02.12.2019 16:00;0;1
02.12.2019 17:00;0;1
02.12.2019 18:00;0;1
02.12.2019 19:00;0;1
02.12.2019 20:00;0;1
02.12.2019 21:00;0;1
02.12.2019 22:00;0;1
02.12.2019 23:00;0;1
03.12.2019 00:00;0;1
03.12.2019 01:00;0;1
03.12.2019 02:00;0;1
03.12.2019 03:00;0;1
03.12.2019 04:00;0;1
03.12.2019 05:00;0;1
03.12.2019 06:00;0;1
03.12.2019 07:00;0;1
03.12.2019 08:00;0;1
03.12.2019 09:00;0;1
03.12.2019 10:00;0.004;1
03.12.2019 11:00;0.023;1
03.12.2019 12:00;0.031;1
03.12.2019 13:00;0.03;1
03.12.2019 14:00;0.007;1
03.12.2019 15:00;0;1
03.12.2019 16:00;0;1
03.12.2019 17:00;0;1
03.12.2019 18:00;0;1
03.12.2019 19:00;0;1
03.12.2019 20:00;0;1
03.12.2019 21:00;0;1
03.12.2019 22:00;0;1
03.12.2019 23:00;0;1
04.12.2019 00:00;0;1
04.12.2019 01:00;0;1
04.12.2019 02:00;0;1
04.12.2019 03:00;0;1
04.12.2019 04:00;0;1
04.12.2019 05:00;0;1
04.12.2019 06:00;0;1
04.12.2019 07:00;0;1
04.12.2019 08:00;0;1
04.12.2019 09:00;0.002;1
04.12.2019 10:00;0.076;1
04.12.2019 11:00;0.119;1
04.12.2019 12:00;0.092;1
04.12.2019 13:00;0.057;1
04.12.2019 14:00;0.028;1
04.12.2019 15:00;0;1
04.12.2019 16:00;0;1
04.12.2019 17:00;0;1
04.12.2019 18:00;0;1
04.12.2019 19:00;0;1
04.12.2019 20:00;0;1
04.12.2019 21:00;0;1
04.12.2019 22:00;0;1
04.12.2019 23:00;0;1
05.12.2019 00:00;0;1
05.12.2019 01:00;0;1
05.12.2019 02:00;0;1
05.12.2019 03:00;0;1
05.12.2019 04:00;0;1
05.12.2019 05:00;0;1
05.12.2019 06:00;0;1
05.12.2019 07:00;0;1
05.12.2019 08:00;0;1
05.12.2019 09:00;0;1
05.12.2019 10:00;0.005;1
05.12.2019 11:00;0.021;1
05.12.2019 12:00;0.028;1
05.12.2019 13:00;0.021;1
05.12.2019 14:00;0.002;1
05.12.2019 15:00;0;1
05.12.2019 16:00;0;1
05.12.2019 17:00;0;1
05.12.2019 18:00;0;1
05.12.2019 19:00;0;1
05.12.2019 20:00;0;1
05.12.2019 21:00;0;1
05.12.2019 22:00;0;1
05.12.2019 23:00;0;1
06.12.2019 00:00;0;1
06.12.2019 01:00;0;1
06.12.2019 02:00;0;1
06.12.2019 03:00;0;1
06.12.2019 04:00;0;1
06.12.2019 05:00;0;1
06.12.2019 06:00;0;1
06.12.2019 07:00;0;1
06.12.2019 08:00;0;1
06.12.2019 09:00;0;1
06.12.2019 10:00;0.041;1
06.12.2019 11:00;0.118;1
06.12.2019 12:00;0.136;1
06.12.2019 13:00;0.092;1
06.12.2019 14:00;0.021;1
06.12.2019 15:00;0;1
06.12.2019 16:00;0;1
06.12.2019 17:00;0;1
06.12.2019 18:00;0;1
06.12.2019 19:00;0;1
06.12.2019 20:00;0;1
06.12.2019 21:00;0;1
06.12.2019 22:00;0;1
06.12.2019 23:00;0;1
07.12.2019 00:00;0;1
07.12.2019 01:00;0;1
07.12.2019 02:00;0;1
07.12.2019 03:00;0;1
07.12.2019 04:00;0;1
07.12.2019 05:00;0;1
07.12.2019 06:00;0;1
07.12.2019 07:00;0;1
07.12.2019 08:00;0;1
07.12.2019 09:00;0;1
07.12.2019 10:00;0.008;1
07.12.2019 11:00;0.023;1
07.12.2019 12:00;0.031;1
07.12.2019 13:00;0.024;1
07.12.2019 14:00;0.008;1
07.12.2019 15:00;0;1
07.12.2019 16:00;0;1
07.12.2019 17:00;0;1
07.12.2019 18:00;0;1
07.12.2019 19:00;0;1
07.12.2019 20:00;0;1
07.12.2019 21:00;0;1
07.12.2019 22:00;0;1
07.12.2019 23:00;0;1
08.12.2019 00:00;0;1
08.12.2019 01:00;0;1
08.12.2019 02:00;0;1
08.12.2019 03:00;0;1
08.12.2019 04:00;0;1
08.12.2019 05:00;0;1
08.12.2019 06:00;0;1
08.12.2019 07:00;0;1
08.12.2019 08:00;0;1
08.12.2019 09:00;0;1
08.12.2019 10:00;0;1
08.12.2019 11:00;0;1
08.12.2019 12:00;0.008;1
08.12.2019 13:00;0.006;1
08.12.2019 14:00;0;1
08.12.2019 15:00;0;1
08.12.2019 16:00;0;1
08.12.2019 17:00;0;1
08.12.2019 18:00;0;1
08.12.2019 19:00;0;1
08.12.2019 20:00;0;1
08.12.2019 21:00;0;1
08.12.2019 22:00;0;1
08.12.2019 23:00;0;1
09.12.2019 00:00;0;1
09.12.2019 01:00;0;1
09.12.2019 02:00;0;1
09.12.2019 03:00;0;1
09.12.2019 04:00;0;1
09.12.2019 05:00;0;1
09.12.2019 06:00;0;1
09.12.2019 07:00;0;1
09.12.2019 08:00;0;1
09.12.2019 09:00;0;1
09.12.2019 10:00;0.004;1
09.12.2019 11:00;0.014;1
09.12.2019 12:00;0.017;1
09.12.2019 13:00;0.009;1
09.12.2019 14:00;0;1
09.12.2019 15:00;0;1
09.12.2019 16:00;0;1
09.12.2019 17:00;0;1
09.12.2019 18:00;0;1
09.12.2019 19:00;0;1
09.12.2019 20:00;0;1
09.12.2019 21:00;0;1
09.12.2019 22:00;0;1
09.12.2019 23:00;0;1
10.12.2019 00:00;0;1
10.12.2019 01:00;0;1
10.12.2019 02:00;0;1
10.12.2019 03:00;0;1
10.12.2019 04:00;0;1
10.12.2019 05:00;0;1
10.12.2019 06:00;0;1
10.12.2019 07:00;0;1
10.12.2019 08:00;0;1
10.12.2019 09:00;0;1
10.12.2019 10:00;0.022;1
10.12.2019 11:00;0.036;1
10.12.2019 12:00;0.038;1
10.12.2019 13:00;0.014;1
10.12.2019 14:00;0;1
10.12.2019 15:00;0;1
10.12.2019 16:00;0;1
10.12.2019 17:00;0;1
10.12.2019 18:00;0;1
10.12.2019 19:00;0;1
10.12.2019 20:00;0;1
10.12.2019 21:00;0;1
10.12.2019 22:00;0;1
10.12.2019 23:00;0;1
11.12.2019 00:00;0;1
11.12.2019 01:00;0;1
11.12.2019 02:00;0;1
11.12.2019 03:00;0;1
11.12.2019 04:00;0;1
11.12.2019 05:00;0;1
11.12.2019 06:00;0;1
11.12.2019 07:00;0;1
11.12.2019 08:00;0;1
11.12.2019 09:00;0;1
11.12.2019 10:00;0;1
11.12.2019 11:00;0.007;1
11.12.2019 12:00;0.008;1
11.12.2019 13:00;0;1
11.12.2019 14:00;0;1
11.12.2019 15:00;0;1
11.12.2019 16:00;0;1
11.12.2019 17:00;0;1
11.12.2019 18:00;0;1
11.12.2019 19:00;0;1
11.12.2019 20:00;0;1
11.12.2019 21:00;0;1
11.12.2019 22:00;0;1
11.12.2019 23:00;0;1
12.12.2019 00:00;0;1
12.12.2019 01:00;0;1
12.12.2019 02:00;0;1
12.12.2019 03:00;0;1
12.12.2019 04:00;0;1
12.12.2019 05:00;0;1
12.12.2019 06:00;0;1
12.12.2019 07:00;0;1
12.12.2019 08:00;0;1
12.12.2019 09:00;0;1
12.12.2019 10:00;0;1
12.12.2019 11:00;0;1
12.12.2019 12:00;0;1
12.12.2019 13:00;0;1
12.12.2019 14:00;0;1
12.12.2019 15:00;0;1
12.12.2019 16:00;0;1
12.12.2019 17:00;0;1
12.12.2019 18:00;0;1
12.12.2019 19:00;0;1
12.12.2019 20:00;0;1
12.12.2019 21:00;0;1
12.12.2019 22:00;0;1
12.12.2019 23:00;0;1
13.12.2019 00:00;0;1
13.12.2019 01:00;0;1
13.12.2019 02:00;0;1
13.12.2019 03:00;0;1
13.12.2019 04:00;0;1
13.12.2019 05:00;0;1
13.12.2019 06:00;0;1
13.12.2019 07:00;0;1
13.12.2019 08:00;0;1
13.12.2019 09:00;0;1
13.12.2019 10:00;0.004;1
13.12.2019 11:00;0.02;1
13.12.2019 12:00;0.026;1
13.12.2019 13:00;0.014;1
13.12.2019 14:00;0;1
13.12.2019 15:00;0;1
13.12.2019 16:00;0;1
13.12.2019 17:00;0;1
13.12.2019 18:00;0;1
13.12.2019 19:00;0;1
13.12.2019 20:00;0;1
13.12.2019 21:00;0;1
13.12.2019 22:00;0;1
13.12.2019 23:00;0;1
14.12.2019 00:00;0;1
14.12.2019 01:00;0;1
14.12.2019 02:00;0;1
14.12.2019 03:00;0;1
14.12.2019 04:00;0;1
14.12.2019 05:00;0;1
14.12.2019 06:00;0;1
14.12.2019 07:00;0;1
14.12.2019 08:00;0;1
14.12.2019 09:00;0;1
14.12.2019 10:00;0;1
14.12.2019 11:00;0.006;1
14.12.2019 12:00;0.007;1
14.12.2019 13:00;0.002;1
14.12.2019 14:00;0;1
14.12.2019 15:00;0;1
14.12.2019 16:00;0;1
14.12.2019 17:00;0;1
14.12.2019 18:00;0;1
14.12.2019 19:00;0;1
14.12.2019 20:00;0;1
14.12.2019 21:00;0;1
14.12.2019 22:00;0;1
14.12.2019 23:00;0;1
15.12.2019 00:00;0;1
15.12.2019 01:00;0;1
15.12.2019 02:00;0;1
15.12.2019 03:00;0;1
15.12.2019 04:00;0;1
15.12.2019 05:00;0;1
15.12.2019 06:00;0;1
15.12.2019 07:00;0;1
15.12.2019 08:00;0;1
15.12.2019 09:00;0;1
15.12.2019 10:00;0;1
15.12.2019 11:00;0.01;1
15.12.2019 12:00;0.014;1
15.12.2019 13:00;0.004;1
15.12.2019 14:00;0;1
15.12.2019 15:00;0;1
15.12.2019 16:00;0;1
15.12.2019 17:00;0;1
15.12.2019 18:00;0;1
15.12.2019 19:00;0;1
15.12.2019 20:00;0;1
15.12.2019 21:00;0;1
15.12.2019 22:00;0;1
15.12.2019 23:00;0;1
16.12.2019 00:00;0;1
16.12.2019 01:00;0;1
16.12.2019 02:00;0;1
16.12.2019 03:00;0;1
16.12.2019 04:00;0;1
16.12.2019 05:00;0;1
16.12.2019 06:00;0;1
16.12.2019 07:00;0;1
16.12.2019 08:00;0;1
16.12.2019 09:00;0;1
16.12.2019 10:00;0.004;1
16.12.2019 11:00;0.026;1
16.12.2019 12:00;0.045;1
16.12.2019 13:00;0.041;1
16.12.2019 14:00;0.005;1
16.12.2019 15:00;0;1
16.12.2019 16:00;0;1
16.12.2019 17:00;0;1
16.12.2019 18:00;0;1
16.12.2019 19:00;0;1
16.12.2019 20:00;0;1
16.12.2019 21:00;0;1
16.12.2019 22:00;0;1
16.12.2019 23:00;0;1
17.12.2019 00:00;0;1
17.12.2019 01:00;0;1
17.12.2019 02:00;0;1
17.12.2019 03:00;0;1
17.12.2019 04:00;0;1
17.12.2019 05:00;0;1
17.12.2019 06:00;0;1
17.12.2019 07:00;0;1
17.12.2019 08:00;0;1
17.12.2019 09:00;0;1
17.12.2019 10:00;0.012;1
17.12.2019 11:00;0.04;1
17.12.2019 12:00;0.041;1
17.12.2019 13:00;0.023;1
17.12.2019 14:00;0;1
17.12.2019 15:00;0;1
17.12.2019 16:00;0;1
17.12.2019 17:00;0;1
17.12.2019 18:00;0;1
17.12.2019 19:00;0;1
17.12.2019 20:00;0;1
17.12.2019 21:00;0;1
17.12.2019 22:00;0;1
17.12.2019 23:00;0;1
18.12.2019 00:00;0;1
18.12.2019 01:00;0;1
18.12.2019 02:00;0;1
18.12.2019 03:00;0;1
18.12.2019 04:00;0;1
18.12.2019 05:00;0;1
18.12.2019 06:00;0;1
18.12.2019 07:00;0;1
18.12.2019 08:00;0;1
18.12.2019 09:00;0;1
18.12.2019 10:00;0.055;1
18.12.2019 11:00;0.145;1
18.12.2019 12:00;0.165;1
18.12.2019 13:00;0.109;1
18.12.2019 14:00;0.022;1
18.12.2019 15:00;0;1
18.12.2019 16:00;0;1
18.12.2019 17:00;0;1
18.12.2019 18:00;0;1
18.12.2019 19:00;0;1
18.12.2019 20:00;0;1
18.12.2019 21:00;0;1
18.12.2019 22:00;0;1
18.12.2019 23:00;0;1
19.12.2019 00:00;0;1
19.12.2019 01:00;0;1
19.12.2019 02:00;0;1
19.12.2019 03:00;0;1
19.12.2019 04:00;0;1
19.12.2019 05:00;0;1
19.12.2019 06:00;0;1
19.12.2019 07:00;0;1
19.12.2019 08:00;0;1
19.12.2019 09:00;0;1
19.12.2019 10:00;0;1
19.12.2019 11:00;0.003;1
19.12.2019 12:00;0.002;1
19.12.2019 13:00;0;1
19.12.2019 14:00;0;1
19.12.2019 15:00;0;1
19.12.2019 16:00;0;1
19.12.2019 17:00;0;1
19.12.2019 18:00;0;1
19.12.2019 19:00;0;1
19.12.2019 20:00;0;1
19.12.2019 21:00;0;1
19.12.2019 22:00;0;1
19.12.2019 23:00;0;1
20.12.2019 00:00;0;1
20.12.2019 01:00;0;1
20.12.2019 02:00;0;1
20.12.2019 03:00;0;1
20.12.2019 04:00;0;1
20.12.2019 05:00;0;1
20.12.2019 06:00;0;1
20.12.2019 07:00;0;1
20.12.2019 08:00;0;1
20.12.2019 09:00;0;1
20.12.2019 10:00;0;1
20.12.2019 11:00;0;1
20.12.2019 12:00;0;1
20.12.2019 13:00;0;1
20.12.2019 14:00;0;1
20.12.2019 15:00;0;1
20.12.2019 16:00;0;1
20.12.2019 17:00;0;1
20.12.2019 18:00;0;1
20.12.2019 19:00;0;1
20.12.2019 20:00;0;1
20.12.2019 21:00;0;1
20.12.2019 22:00;0;1
20.12.2019 23:00;0;1
21.12.2019 00:00;0;1
21.12.2019 01:00;0;1
21.12.2019 02:00;0;1
21.12.2019 03:00;0;1
21.12.2019 04:00;0;1
21.12.2019 05:00;0;1
21.12.2019 06:00;0;1
21.12.2019 07:00;0;1
21.12.2019 08:00;0;1
21.12.2019 09:00;0;1
21.12.2019 10:00;0;1
21.12.2019 11:00;0;1
21.12.2019 12:00;0.002;1
21.12.2019 13:00;0;1
21.12.2019 14:00;0;1
21.12.2019 15:00;0;1
21.12.2019 16:00;0;1
21.12.2019 17:00;0;1
21.12.2019 18:00;0;1
21.12.2019 19:00;0;1
21.12.2019 20:00;0;1
21.12.2019 21:00;0;1
21.12.2019 22:00;0;1
21.12.2019 23:00;0;1
22.12.2019 00:00;0;1
22.12.2019 01:00;0;1
22.12.2019 02:00;0;1
22.12.2019 03:00;0;1
22.12.2019 04:00;0;1
22.12.2019 05:00;0;1
22.12.2019 06:00;0;1
22.12.2019 07:00;0;1
22.12.2019 08:00;0;1
22.12.2019 09:00;0;1
22.12.2019 10:00;0.01;1
22.12.2019 11:00;0.037;1
22.12.2019 12:00;0.055;1
22.12.2019 13:00;0.044;1
22.12.2019 14:00;0.008;1
22.12.2019 15:00;0;1
22.12.2019 16:00;0;1
22.12.2019 17:00;0;1
22.12.2019 18:00;0;1
22.12.2019 19:00;0;1
22.12.2019 20:00;0;1
22.12.2019 21:00;0;1
22.12.2019 22:00;0;1
22.12.2019 23:00;0;1
23.12.2019 00:00;0;1
23.12.2019 01:00;0;1
23.12.2019 02:00;0;1
23.12.2019 03:00;0;1
23.12.2019 04:00;0;1
23.12.2019 05:00;0;1
23.12.2019 06:00;0;1
23.12.2019 07:00;0;1
23.12.2019 08:00;0;1
23.12.2019 09:00;0;1
23.12.2019 10:00;0.001;1
23.12.2019 11:00;0.011;1
23.12.2019 12:00;0.013;1
23.12.2019 13:00;0.004;1
23.12.2019 14:00;0;1
23.12.2019 15:00;0;1
23.12.2019 16:00;0;1
23.12.2019 17:00;0;1
23.12.2019 18:00;0;1
23.12.2019 19:00;0;1
23.12.2019 20:00;0;1
23.12.2019 21:00;0;1
23.12.2019 22:00;0;1
23.12.2019 23:00;0;1
24.12.2019 00:00;0;1
24.12.2019 01:00;0;1
24.12.2019 02:00;0;1
24.12.2019 03:00;0;1
24.12.2019 04:00;0;1
24.12.2019 05:00;0;1
24.12.2019 06:00;0;1
24.12.2019 07:00;0;1
24.12.2019 08:00;0;1
24.12.2019 09:00;0;1
24.12.2019 10:00;0;1
24.12.2019 11:00;0;1
24.12.2019 12:00;0;1
24.12.2019 13:00;0;1
24.12.2019 14:00;0;1
24.12.2019 15:00;0;1
24.12.2019 16:00;0;1
24.12.2019 17:00;0;1
24.12.2019 18:00;0;1
24.12.2019 19:00;0;1
24.12.2019 20:00;0;1
24.12.2019 21:00;0;1
24.12.2019 22:00;0;1
24.12.2019 23:00;0;1
25.12.2019 00:00;0;1
25.12.2019 01:00;0;1
25.12.2019 02:00;0;1
25.12.2019 03:00;0;1
25.12.2019 04:00;0;1
25.12.2019 05:00;0;1
25.12.2019 06:00;0;1
25.12.2019 07:00;0;1
25.12.2019 08:00;0;1
25.12.2019 09:00;0;1
25.12.2019 10:00;0.007;1
25.12.2019 11:00;0.027;1
25.12.2019 12:00;0.032;1
25.12.2019 13:00;0.02;1
25.12.2019 14:00;0;1
25.12.2019 15:00;0;1
25.12.2019 16:00;0;1
25.12.2019 17:00;0;1
25.12.2019 18:00;0;1
25.12.2019 19:00;0;1
25.12.2019 20:00;0;1
25.12.2019 21:00;0;1
25.12.2019 22:00;0;1
25.12.2019 23:00;0;1
26.12.2019 00:00;0;1
26.12.2019 01:00;0;1
26.12.2019 02:00;0;1
26.12.2019 03:00;0;1
26.12.2019 04:00;0;1
26.12.2019 05:00;0;1
26.12.2019 06:00;0;1
26.12.2019 07:00;0;1
26.12.2019 08:00;0;1
26.12.2019 09:00;0;1
26.12.2019 10:00;0.039;1
26.12.2019 11:00;0.096;1
26.12.2019 12:00;0.1;1
26.12.2019 13:00;0.059;1
26.12.2019 14:00;0.007;1
26.12.2019 15:00;0;1
26.12.2019 16:00;0;1
26.12.2019 17:00;0;1
26.12.2019 18:00;0;1
26.12.2019 19:00;0;1
26.12.2019 20:00;0;1
26.12.2019 21:00;0;1
26.12.2019 22:00;0;1
26.12.2019 23:00;0;1
27.12.2019 00:00;0;1
27.12.2019 01:00;0;1
27.12.2019 02:00;0;1
27.12.2019 03:00;0;1
27.12.2019 04:00;0;1
27.12.2019 05:00;0;1
27.12.2019 06:00;0;1
27.12.2019 07:00;0;1
27.12.2019 08:00;0;1
27.12.2019 09:00;0;1
27.12.2019 10:00;0.017;1
27.12.2019 11:00;0.049;1
27.12.2019 12:00;0.053;1
27.12.2019 13:00;0.029;1
27.12.2019 14:00;0;1
27.12.2019 15:00;0;1
27.12.2019 16:00;0;1
27.12.2019 17:00;0;1
27.12.2019 18:00;0;1
27.12.2019 19:00;0;1
27.12.2019 20:00;0;1
27.12.2019 21:00;0;1
27.12.2019 22:00;0;1
27.12.2019 23:00;0;1
28.12.2019 00:00;0;1
28.12.2019 01:00;0;1
28.12.2019 02:00;0;1
28.12.2019 03:00;0;1
28.12.2019 04:00;0;1
28.12.2019 05:00;0;1
28.12.2019 06:00;0;1
28.12.2019 07:00;0;1
28.12.2019 08:00;0;1
28.12.2019 09:00;0;1
28.12.2019 10:00;0;1
28.12.2019 11:00;0;1
28.12.2019 12:00;0;1
28.12.2019 13:00;0;1
28.12.2019 14:00;0;1
28.12.2019 15:00;0;1
28.12.2019 16:00;0;1
28.12.2019 17:00;0;1
28.12.2019 18:00;0;1
28.12.2019 19:00;0;1
28.12.2019 20:00;0;1
28.12.2019 21:00;0;1
28.12.2019 22:00;0;1
28.12.2019 23:00;0;1
29.12.2019 00:00;0;1
29.12.2019 01:00;0;1
29.12.2019 02:00;0;1
29.12.2019 03:00;0;1
29.12.2019 04:00;0;1
29.12.2019 05:00;0;1
29.12.2019 06:00;0;1
29.12.2019 07:00;0;1
29.12.2019 08:00;0;1
29.12.2019 09:00;0;1
29.12.2019 10:00;0;1
29.12.2019 11:00;0;1
29.12.2019 12:00;0.002;1
29.12.2019 13:00;0;1
29.12.2019 14:00;0;1
29.12.2019 15:00;0;1
29.12.2019 16:00;0;1
29.12.2019 17:00;0;1
29.12.2019 18:00;0;1
29.12.2019 19:00;0;1
29.12.2019 20:00;0;1
29.12.2019 21:00;0;1
29.12.2019 22:00;0;1
29.12.2019 23:00;0;1
30.12.2019 00:00;0;1
30.12.2019 01:00;0;1
30.12.2019 02:00;0;1
30.12.2019 03:00;0;1
30.12.2019 04:00;0;1
30.12.2019 05:00;0;1
30.12.2019 06:00;0;1
30.12.2019 07:00;0;1
30.12.2019 08:00;0;1
30.12.2019 09:00;0;1
30.12.2019 10:00;0.002;1
30.12.2019 11:00;0.013;1
30.12.2019 12:00;0.011;1
30.12.2019 13:00;0.007;1
30.12.2019 14:00;0;1
30.12.2019 15:00;0;1
30.12.2019 16:00;0;1
30.12.2019 17:00;0;1
30.12.2019 18:00;0;1
30.12.2019 19:00;0;1
30.12.2019 20:00;0;1
30.12.2019 21:00;0;1
30.12.2019 22:00;0;1
30.12.2019 23:00;0;1
31.12.2019 00:00;0;1
31.12.2019 01:00;0;1
31.12.2019 02:00;0;1
31.12.2019 03:00;0;1
31.12.2019 04:00;0;1
31.12.2019 05:00;0;1
31.12.2019 06:00;0;1
31.12.2019 07:00;0;1
31.12.2019 08:00;0;1
31.12.2019 09:00;0;1
31.12.2019 10:00;0.075;1
31.12.2019 11:00;0.178;1
31.12.2019 12:00;0.206;1
31.12.2019 13:00;0.127;1
31.12.2019 14:00;0.011;1
31.12.2019 15:00;0;1
31.12.2019 16:00;0;1
31.12.2019 17:00;0;1
31.12.2019 18:00;0;1
31.12.2019 19:00;0;1
31.12.2019 20:00;0;1
31.12.2019 21:00;0;1
31.12.2019 22:00;0;1
31.12.2019 23:00;0;1
01.01.2020 00:00;0;1
